row_index,stratum,thread_id,comment_id,source_ref,axis_ids,comment_created_utc,old_choice,old_alternative_brand,old_explicit_outcome,new_choice,new_alternative_brand,new_explicit_outcome,parser_limitation,defect_class,raw_text_binding
8,S2,10p1pr4,j6i49li,https://old.reddit.com/r/Sephora/comments/10p1pr4/skin_tint_recommendations/,coverage_and_pigment,2023-01-30T14:28:47+00:00,alternative,Glossier,none_explicit,unstated,Glossier,none_explicit,,D4,"no explicit purchase, retention, recommendation, or abandonment act in the raw body; the row records a comparison only"
18,S2,10vrvls,jc40g3l,https://www.reddit.com/r/glossier/comments/10vrvls/anyone_who_owns_the_summer_fridays_lip_butter/,hydration_and_moisture,2023-03-13T21:44:04+00:00,alternative,Glossier,none_explicit,unstated,Glossier,none_explicit,thread declares 8 comments; 7 captured (1 not captured),D4,"no explicit purchase, retention, recommendation, or abandonment act in the raw body; the row records a comparison only"
32,S2,118c4om,j9jkkd2,https://www.reddit.com/r/glossier/comments/118c4om/summer_fridays_or_lanolips/,hydration_and_moisture;texture_and_skin_finish;value_and_quantity,2023-02-22T12:58:56+00:00,alternative,Lanolips,none_explicit,unstated,Lanolips,none_explicit,,D4,"no explicit purchase, retention, recommendation, or abandonment act in the raw body; the row records a comparison only"
36,S2,11c3mmk,ja1qgjx,https://www.reddit.com/r/Sephora/comments/11c3mmk/summer_fridays_jet_lag_mask/,texture_and_skin_finish,2023-02-26T04:41:06+00:00,alternative,Tatcha,none_explicit,unstated,Tatcha,none_explicit,thread declares 29 comments; 27 captured (2 not captured),D4,"no explicit purchase, retention, recommendation, or abandonment act in the raw body; the row records a comparison only"
37,S3,11c3mmk,ja1t8zx,https://www.reddit.com/r/Sephora/comments/11c3mmk/summer_fridays_jet_lag_mask/,hydration_and_moisture,2023-02-26T05:08:14+00:00,neither,,stopped_or_discarded,neither,,no_future_purchase,thread declares 29 comments; 27 captured (2 not captured),D2,I was so tempted to try the Summer Fridays but you convinced me not to do it
40,S2,11lyjzy,jbey2p6,https://old.reddit.com/r/Sephora/comments/11lyjzy/opinions_on_these_skin_tints/,application_and_tool_performance;coverage_and_pigment;hydration_and_moisture,2023-03-08T15:51:02+00:00,alternative,Tower 28,none_explicit,unstated,Tower 28,none_explicit,,D4,"no explicit purchase, retention, recommendation, or abandonment act in the raw body; the row records a comparison only"
44,S1,11tv4zb,jcuwo8l,https://old.reddit.com/r/PaleMUA/comments/11tv4zb/summer_fridays_lip_butter_balms/,shade_and_color_fit,2023-03-19T19:16:51+00:00,subject,,retained_or_repurchased,unstated,,none_explicit,,D1,Would you repurchase it if you do finish this shade?
57,S1,135nu81,jill1lh,https://old.reddit.com/r/Sephora/comments/135nu81/summer_friday_lip_balm_dupe/,hype_originality_and_trust,2023-05-02T19:03:24+00:00,subject,,retained_or_repurchased,unstated,,none_explicit,,D1,What's the hype about summer Friday lip balm?! Everyone is obsessed over it.
63,S3,137zyyu,jiwbobh,https://old.reddit.com/r/Sephora/comments/137zyyu/anyone_else_experience_pilling_with_the_summer/,reaction_and_breakout,2023-05-04T23:34:52+00:00,neither,,return_intended,neither,,return_intended,,clean,I bought it but going to return without even trying
64,S2,13aw1sp,jj8epkm,https://old.reddit.com/r/Sephora/comments/13aw1sp/summer_fridays_lip_balm/,coverage_and_pigment,2023-05-07T17:35:11+00:00,alternative,Laneige,none_explicit,unstated,Laneige,none_explicit,,D4,"no explicit purchase, retention, recommendation, or abandonment act in the raw body; the row records a comparison only"
66,S1,13aw1sp,jj9vy1c,https://old.reddit.com/r/Sephora/comments/13aw1sp/summer_fridays_lip_balm/,packaging_and_dispensing;scent_and_flavor,2023-05-07T23:55:56+00:00,subject,,retained_or_repurchased,subject,,retained_or_repurchased,,clean,I still enjoy it and will repurchase it :)
68,S2,13aw1sp,jjabq8d,https://old.reddit.com/r/Sephora/comments/13aw1sp/summer_fridays_lip_balm/,wear_and_longevity,2023-05-08T02:02:07+00:00,alternative,Ole Henriksen,none_explicit,unstated,Ole Henriksen,none_explicit,,D4,"no explicit purchase, retention, recommendation, or abandonment act in the raw body; the row records a comparison only"
69,S1,13aw1sp,jjaxqo4,https://old.reddit.com/r/Sephora/comments/13aw1sp/summer_fridays_lip_balm/,hydration_and_moisture;value_and_quantity,2023-05-08T05:36:17+00:00,subject,Ilia,recommended_or_would_purchase,alternative,Ilia,recommended_or_would_purchase,,D2,Would recommend fresh rose lip cream or the ilia lip wrap instead!
70,S1,13aw1sp,jjdfpua,https://old.reddit.com/r/Sephora/comments/13aw1sp/summer_fridays_lip_balm/,shade_and_color_fit,2023-05-08T19:10:10+00:00,subject,,retained_or_repurchased,subject,,retained_or_repurchased,,clean,I will definitely repurchase full price once I'm out.
72,S2,13d4u1f,jjj7fkq,https://old.reddit.com/r/Sephora/comments/13d4u1f/skin_tint_summer_fridays_vs_beauty_blender_vs/,application_and_tool_performance;coverage_and_pigment;texture_and_skin_finish,2023-05-09T22:56:56+00:00,alternative,Fenty,none_explicit,unstated,Fenty,none_explicit,,D4,"no explicit purchase, retention, recommendation, or abandonment act in the raw body; the row records a comparison only"
75,S2,13end3f,jjqp1q2,https://old.reddit.com/r/Sephora/comments/13end3f/summer_fridays_lip_butter_balm_vs_rhode_peptide/,wear_and_longevity,2023-05-11T14:02:58+00:00,alternative,Rhode,none_explicit,unstated,Rhode,none_explicit,,D4,"no explicit purchase, retention, recommendation, or abandonment act in the raw body; the row records a comparison only"
77,S2,13end3f,jjrvm0n,https://old.reddit.com/r/Sephora/comments/13end3f/summer_fridays_lip_butter_balm_vs_rhode_peptide/,hydration_and_moisture,2023-05-11T18:45:46+00:00,alternative,Rhode,returned_or_refunded,alternative,Rhode,returned_or_refunded,,clean,my watermelon was sooo gritty. Emailed their team and got a refund right away.
79,S2,13end3f,jjsqcoj,https://old.reddit.com/r/Sephora/comments/13end3f/summer_fridays_lip_butter_balm_vs_rhode_peptide/,reaction_and_breakout,2023-05-11T22:11:12+00:00,alternative,Rhode,stopped_or_discarded,alternative,Rhode,stopped_or_discarded,,clean,I didn't realize it was Rhode causing it until I stopped using it
80,S2,13end3f,k33bhcs,https://old.reddit.com/r/Sephora/comments/13end3f/summer_fridays_lip_butter_balm_vs_rhode_peptide/,scent_and_flavor;texture_and_skin_finish;value_and_quantity,2023-10-02T02:58:16+00:00,alternative,Laneige,none_explicit,unstated,Laneige,none_explicit,,D4,"no explicit purchase, retention, recommendation, or abandonment act in the raw body; the row records a comparison only"
81,S3,13gxs8s,jk2ui69,https://old.reddit.com/r/Sephora/comments/13gxs8s/is_the_summer_friday_lip_balm_actually_worth_it/,hype_originality_and_trust;value_and_quantity,2023-05-14T03:42:15+00:00,neither,,returned_or_refunded,neither,,returned_or_refunded,,clean,I got it during the sale and returned it.
82,S2,13gxs8s,jk5wrtu,https://old.reddit.com/r/Sephora/comments/13gxs8s/is_the_summer_friday_lip_balm_actually_worth_it/,wear_and_longevity,2023-05-14T21:22:11+00:00,alternative,Laneige,none_explicit,unstated,Laneige,none_explicit,,D4,"no explicit purchase, retention, recommendation, or abandonment act in the raw body; the row records a comparison only"
83,S3,13gxs8s,jk6dy5j,https://old.reddit.com/r/Sephora/comments/13gxs8s/is_the_summer_friday_lip_balm_actually_worth_it/,packaging_and_dispensing;scent_and_flavor;texture_and_skin_finish,2023-05-14T23:35:19+00:00,neither,,no_future_purchase,neither,,no_future_purchase,,clean,I got mine on sale I wouldn't repurchase it
84,S1,13gxs8s,jk8n4qe,https://old.reddit.com/r/Sephora/comments/13gxs8s/is_the_summer_friday_lip_balm_actually_worth_it/,hydration_and_moisture,2023-05-15T14:06:35+00:00,subject,Lanolips,recommended_or_would_purchase,alternative,Lanolips,recommended_or_would_purchase,,D2,I would definitely recommend lanolips (at ulta though)
91,S2,141m8tt,post,https://www.reddit.com/r/Sephora/comments/141m8tt/skin_tints_a_small_moment_for_merits_lip_oil/,texture_and_skin_finish,2023-06-05T17:43:15+00:00,alternative,Merit,none_explicit,unstated,Merit,none_explicit,thread declares 86 comments; 74 captured (12 not captured),D4,"no explicit purchase, retention, recommendation, or abandonment act in the raw body; the row records a comparison only"
93,S2,145yvrq,jnpultb,https://old.reddit.com/r/Sephora/comments/145yvrq/holy_grail_products/,hype_originality_and_trust;texture_and_skin_finish,2023-06-10T23:33:55+00:00,alternative,Laneige,none_explicit,unstated,Laneige,none_explicit,,D4,"no explicit purchase, retention, recommendation, or abandonment act in the raw body; the row records a comparison only"
106,S3,15if5vo,juuyfh4,https://www.reddit.com/r/Sephora/comments/15if5vo/summer_friday_lip_butter_balm_in_pink_sugarsticky/,hydration_and_moisture;hype_originality_and_trust;wear_and_longevity,2023-08-05T04:54:22+00:00,neither,,stopped_or_discarded,neither,,stopped_or_discarded,thread declares 13 comments; 11 captured (2 not captured),clean,Discarded it and decided to wait it out
108,S2,15qtzd8,jw4wyqf,https://old.reddit.com/r/Sephora/comments/15qtzd8/summer_fridays_doesnt_work_as_a_lip_balm_for_me/,texture_and_skin_finish,2023-08-14T13:20:11+00:00,alternative,Glossier,reduced_use,alternative,Glossier,reduced_use,,clean,But I really only use it at night.
109,S2,15qtzd8,jw5de8y,https://old.reddit.com/r/Sephora/comments/15qtzd8/summer_fridays_doesnt_work_as_a_lip_balm_for_me/,hydration_and_moisture;packaging_and_dispensing;value_and_quantity,2023-08-14T15:11:16+00:00,alternative,Glossier,no_future_purchase,neither,Glossier,no_future_purchase,,D2,"As someone who owns all six of their lip butters ... after I finish those tubes, I probably won't repurchase"
112,S2,15qtzd8,jw5t08p,https://old.reddit.com/r/Sephora/comments/15qtzd8/summer_fridays_doesnt_work_as_a_lip_balm_for_me/,wear_and_longevity,2023-08-14T16:46:28+00:00,alternative,Rhode,none_explicit,unstated,Rhode,none_explicit,,D4,"no explicit purchase, retention, recommendation, or abandonment act in the raw body; the row records a comparison only"
113,S1,15qtzd8,jw6ecej,https://old.reddit.com/r/Sephora/comments/15qtzd8/summer_fridays_doesnt_work_as_a_lip_balm_for_me/,reaction_and_breakout,2023-08-14T18:54:10+00:00,subject,Lanolips,recommended_or_would_purchase,unstated,Lanolips,none_explicit,,D1,The same thing happened to me with Lanolips and I'm still heartbroken over it
116,S2,15qtzd8,jwb3dh2,https://old.reddit.com/r/Sephora/comments/15qtzd8/summer_fridays_doesnt_work_as_a_lip_balm_for_me/,scent_and_flavor,2023-08-15T16:55:04+00:00,alternative,Laneige,returned_or_refunded,alternative,Cay Skin,returned_or_refunded,,D5,cay skin smelled and tasted like spf ... that one got returned immediately
118,S2,15tzg3w,jwujegt,https://old.reddit.com/r/MakeupAddiction/comments/15tzg3w/face_burning_from_summer_fridays_skin_tint/,coverage_and_pigment;reaction_and_breakout;texture_and_skin_finish,2023-08-19T11:57:31+00:00,alternative,Saie,none_explicit,unstated,Saie,none_explicit,,D4,"no explicit purchase, retention, recommendation, or abandonment act in the raw body; the row records a comparison only"
125,S2,166j6zu,l9d0ja7,https://old.reddit.com/r/MakeupAddiction/comments/166j6zu,reaction_and_breakout,2024-06-19T20:22:32+00:00,alternative,Rhode,switched_or_replaced,subject,Rhode,switched_or_replaced,,D2,I had the same issue with Rhode lip products which is why I switched to Summer Friday lip products
127,S2,166j6zu,ls1ck3r,https://old.reddit.com/r/MakeupAddiction/comments/166j6zu,hydration_and_moisture;value_and_quantity,2024-10-15T13:42:07+00:00,alternative,Vaseline,none_explicit,unstated,Vaseline,none_explicit,,D4,"no explicit purchase, retention, recommendation, or abandonment act in the raw body; the row records a comparison only"
128,S2,16b3wt1,jzb3qwl,https://old.reddit.com/r/Sephora/comments/16b3wt1/summer_fridays_skin_tint_breaks_me_out/,coverage_and_pigment;hydration_and_moisture;reaction_and_breakout;scent_and_flavor;texture_and_skin_finish,2023-09-05T23:47:21+00:00,alternative,Rare Beauty,stopped_or_discarded,neither,Rare Beauty,stopped_or_discarded,,D2,I had breakouts from it too ... I stopped using it and used a salicylic acid serum
133,S3,16kgx3t,k0wicrh,https://www.reddit.com/r/Sephora/comments/16kgx3t/summer_fridays_mineral_milk_sunscreen_rash/,hype_originality_and_trust;reaction_and_breakout,2023-09-16T22:57:10+00:00,neither,,returned_or_refunded,unstated,,none_explicit,thread declares 9 comments; 7 captured (2 not captured),D1,I believe she reached out to the company and got a refund.
137,S2,16meqlh,post,https://old.reddit.com/r/Sephora/comments/16meqlh/new_summer_fridays_lip_balm_any_ideas_of_what/,scent_and_flavor,2023-09-19T02:21:24+00:00,alternative,Lanolips,none_explicit,unstated,Lanolips,none_explicit,,D4,"no explicit purchase, retention, recommendation, or abandonment act in the raw body; the row records a comparison only"
140,S1,16old70,k1srxa2,https://old.reddit.com/r/Sephora/comments/16old70/summer_fridays/,application_and_tool_performance;packaging_and_dispensing;scent_and_flavor;shade_and_color_fit;texture_and_skin_finish;value_and_quantity,2023-09-23T01:47:55+00:00,subject,,retained_or_repurchased,unstated,,none_explicit,,D1,"Will I repurchase when I finish mine, maybe!"
147,S1,170wnjd,k3pt6xi,https://old.reddit.com/r/Sephora/comments/170wnjd/summer_fridays_minis/,hydration_and_moisture,2023-10-06T13:56:40+00:00,subject,Tower 28,retained_or_repurchased,alternative,Tower 28,retained_or_repurchased,,D2,I've have coconut and pistachio and I plan to repurchase in different shades!
151,S2,171be67,k3pys4l,https://old.reddit.com/r/MUAontheCheap/comments/171be67/just_dropped_at_sephora_summer_fridays_the_mini/,texture_and_skin_finish;value_and_quantity,2023-10-06T14:33:24+00:00,alternative,Dior,none_explicit,unstated,Dior,none_explicit,,D4,"no explicit purchase, retention, recommendation, or abandonment act in the raw body; the row records a comparison only"
162,S3,1742rj9,k48csi3,https://old.reddit.com/r/Sephora/comments/1742rj9/first_time_user_of_summer_fridays_lip_balm_and_i/,coverage_and_pigment,2023-10-10T04:06:59+00:00,neither,,stopped_or_discarded,neither,,rejected_or_not_recommended,,D6,id return it but i threw away the box
164,S2,1742rj9,k4g0zyd,https://old.reddit.com/r/Sephora/comments/1742rj9/first_time_user_of_summer_fridays_lip_balm_and_i/,shade_and_color_fit,2023-10-11T17:33:48+00:00,alternative,Rare Beauty,none_explicit,unstated,Rare Beauty,none_explicit,,D4,"no explicit purchase, retention, recommendation, or abandonment act in the raw body; the row records a comparison only"
165,S1,1742rj9,post,https://old.reddit.com/r/Sephora/comments/1742rj9/first_time_user_of_summer_fridays_lip_balm_and_i/,hydration_and_moisture;hype_originality_and_trust;scent_and_flavor;texture_and_skin_finish;value_and_quantity,2023-10-09T20:55:20+00:00,subject,,retained_or_repurchased,unstated,,none_explicit,,D1,would I repurchase or get a full size if these finish? I'm not sure maybe
171,S2,175n4ck,k4hkiov,https://old.reddit.com/r/Sephora/comments/175n4ck/,hydration_and_moisture,2023-10-11T23:15:09+00:00,alternative,Armani,none_explicit,unstated,Armani,none_explicit,,D4,"no explicit purchase, retention, recommendation, or abandonment act in the raw body; the row records a comparison only"
172,S2,175n4ck,k4iirk2,https://old.reddit.com/r/Sephora/comments/175n4ck/,coverage_and_pigment;shade_and_color_fit,2023-10-12T03:17:23+00:00,alternative,Armani,returned_or_refunded,neither,Armani,returned_or_refunded,,D2,I returned summer fridays skin tint.
173,S1,176msij,k4nf7ba,https://www.reddit.com/r/Sephora/comments/176msij/unpopular_opinion_but_i_think_jack_black_lipbalm/,application_and_tool_performance,2023-10-13T02:04:09+00:00,subject,,retained_or_repurchased,alternative,Jack Black,retained_or_repurchased,,D2,JB balm is the only one that actually helps. I stocked up on the duos
174,S1,176msij,k4nj69m,https://www.reddit.com/r/Sephora/comments/176msij/unpopular_opinion_but_i_think_jack_black_lipbalm/,hydration_and_moisture;texture_and_skin_finish,2023-10-13T02:31:38+00:00,subject,,retained_or_repurchased,neither,,no_future_purchase,,D3,it wasn't as moisturizing and I didn't repurchase
179,S2,178nmmr,k50v8ch,https://www.reddit.com/r/Sephora/comments/178nmmr/deinfluence_me_which_products_arent_worth_it/,packaging_and_dispensing,2023-10-15T20:24:45+00:00,alternative,Saie,none_explicit,unstated,Saie,none_explicit,thread declares 348 comments; 324 captured (24 not captured),D4,"no explicit purchase, retention, recommendation, or abandonment act in the raw body; the row records a comparison only"
180,S2,178nmmr,k514ewl,https://www.reddit.com/r/Sephora/comments/178nmmr/deinfluence_me_which_products_arent_worth_it/,scent_and_flavor,2023-10-15T21:20:25+00:00,alternative,Tower 28,none_explicit,unstated,Tower 28,none_explicit,thread declares 348 comments; 324 captured (24 not captured),D4,"no explicit purchase, retention, recommendation, or abandonment act in the raw body; the row records a comparison only"
195,S2,17p8me8,k83t540,https://old.reddit.com/r/Sephora/comments/17p8me8/sale_regrets/,hydration_and_moisture,2023-11-06T18:56:36+00:00,alternative,Tower 28,none_explicit,unstated,Tower 28,none_explicit,,D4,"no explicit purchase, retention, recommendation, or abandonment act in the raw body; the row records a comparison only"
202,S3,17qylcs,post,https://old.reddit.com/r/Sephora/comments/17qylcs/i_dont_understand_the_hype_for_the_summer_fridays/,scent_and_flavor,2023-11-08T23:11:25+00:00,neither,,rejected_or_not_recommended,neither,,rejected_or_not_recommended,,clean,For $35 I wouldn't recommend this to anyone
206,S1,17tgakv,k91nu49,https://old.reddit.com/r/AustralianMakeup/comments/17tgakv/are_the_summer_fridays_butter_balms_worth_the_hype/,hydration_and_moisture;scent_and_flavor;value_and_quantity,2023-11-13T09:00:03+00:00,subject,,recommended_or_would_purchase,subject,,recommended_or_would_purchase,,clean,"if you have the budget and are looking for a luxurious balm, I definitely recommend!"
209,S1,17tnj2m,k8ydw2d,https://www.reddit.com/r/Sephora/comments/17tnj2m/what_product_is_similar_in_color_to_the_summer/,formula_consistency_and_change;scent_and_flavor,2023-11-12T18:01:03+00:00,subject,,recommended_or_would_purchase,alternative,Glossier,recommended_or_would_purchase,thread declares 16 comments; 13 captured (3 not captured),D2,The hot cocoa is also the original formula (non-vegan) ... so I highly recommend!!
212,S3,17x7aq7,m8ezxjv,https://old.reddit.com/r/OliveMUA/comments/17x7aq7/thank_you_to_the_person_that_posted_about_summer/,shade_and_color_fit;texture_and_skin_finish,2025-01-21T20:56:06+00:00,neither,,stopped_or_discarded,alternative,Dr. Jart,stopped_or_discarded,,D2,the dr jart tinted bb creme ... i didn't like the dewy level of it so I stopped using it
214,S2,1848nkz,kauicn9,https://old.reddit.com/r/Sephora/comments/1848nkz/share_your_foundationconcealer_shades/,coverage_and_pigment;shade_and_color_fit,2023-11-26T16:02:14+00:00,alternative,Armani,none_explicit,unstated,Armani,none_explicit,,D4,"no explicit purchase, retention, recommendation, or abandonment act in the raw body; the row records a comparison only"
216,S1,188rp74,kbmtyjw,https://old.reddit.com/r/Sephora/comments/188rp74/,hype_originality_and_trust;value_and_quantity,2023-12-02T02:31:03+00:00,subject,Mac,retained_or_repurchased,neither,Mac,no_future_purchase,,D3,it's not something I'll bother to repurchase
217,S2,188rp74,kbmyngq,https://old.reddit.com/r/Sephora/comments/188rp74/,application_and_tool_performance,2023-12-02T03:08:08+00:00,alternative,Aquaphor,none_explicit,subject,Aquaphor,retained_or_repurchased,,D2,now I love it makes my lips so soft ... Picked up another one today!
220,S2,188rp74,kbowj62,https://old.reddit.com/r/Sephora/comments/188rp74/,wear_and_longevity,2023-12-02T15:38:39+00:00,alternative,Vaseline,none_explicit,unstated,Vaseline,none_explicit,,D4,"no explicit purchase, retention, recommendation, or abandonment act in the raw body; the row records a comparison only"
221,S1,188rp74,kc217rn,https://old.reddit.com/r/Sephora/comments/188rp74/,hydration_and_moisture;scent_and_flavor;texture_and_skin_finish,2023-12-05T04:32:38+00:00,subject,Laneige,retained_or_repurchased,alternative,Dior,retained_or_repurchased,,D2,"And liked enough to repurchase: Jack Black, Avene cold cream lip balm, Dior Lip Glow"
228,S2,18ez6ft,kcr0ovl,https://old.reddit.com/r/Sephora/comments/18ez6ft/summer_fridays_lip_balm_or_glossier_bdc/,packaging_and_dispensing;texture_and_skin_finish,2023-12-10T10:00:55+00:00,alternative,Glossier,none_explicit,unstated,Glossier,none_explicit,,D4,"no explicit purchase, retention, recommendation, or abandonment act in the raw body; the row records a comparison only"
229,S1,18ez6ft,kcsbo5z,https://old.reddit.com/r/Sephora/comments/18ez6ft/summer_fridays_lip_balm_or_glossier_bdc/,hydration_and_moisture,2023-12-10T17:16:36+00:00,subject,Vaseline,recommended_or_would_purchase,subject,Vaseline,retained_or_repurchased,,D2,I recently got the full size after using up the minis
231,S2,18ez6ft,post,https://old.reddit.com/r/Sephora/comments/18ez6ft/summer_fridays_lip_balm_or_glossier_bdc/,scent_and_flavor;value_and_quantity,2023-12-10T08:36:29+00:00,alternative,Vaseline,none_explicit,unstated,Vaseline,none_explicit,,D4,"no explicit purchase, retention, recommendation, or abandonment act in the raw body; the row records a comparison only"
243,S2,18t0uh7,kfbiasc,https://old.reddit.com/r/Sephora/comments/18t0uh7/whats_your_best_and_worst_purchase_this_year/,scent_and_flavor,2023-12-28T21:03:49+00:00,alternative,Tower 28,none_explicit,unstated,Tower 28,none_explicit,,D4,"no explicit purchase, retention, recommendation, or abandonment act in the raw body; the row records a comparison only"
249,S1,18v755c,kfu8jfo,https://www.reddit.com/r/Sephora/comments/18v755c/summer_fridays_lip_oilsdior/,coverage_and_pigment;formula_consistency_and_change;hydration_and_moisture;packaging_and_dispensing;scent_and_flavor;texture_and_skin_finish,2024-01-01T15:16:25+00:00,subject,Dior,retained_or_repurchased,alternative,Dior,retained_or_repurchased,thread declares 14 comments; 11 captured (3 not captured),D2,the lip oil is quite nice ... i did repurchase once too
252,S2,18zsubw,kgjx8d3,https://www.reddit.com/r/Sephora/comments/18zsubw/summer_fridays_v_tower_28/,packaging_and_dispensing,2024-01-06T06:37:35+00:00,alternative,Glossier,none_explicit,unstated,Glossier,none_explicit,,D4,"no explicit purchase, retention, recommendation, or abandonment act in the raw body; the row records a comparison only"
255,S1,18zsubw,kglkygq,https://www.reddit.com/r/Sephora/comments/18zsubw/summer_fridays_v_tower_28/,hydration_and_moisture;shade_and_color_fit,2024-01-06T16:23:13+00:00,subject,,recommended_or_would_purchase,subject,,recommended_or_would_purchase,,clean,I have and love both! ... Definitely recommend both!
256,S2,18zsubw,kgmdcca,https://www.reddit.com/r/Sephora/comments/18zsubw/summer_fridays_v_tower_28/,formula_consistency_and_change;scent_and_flavor,2024-01-06T19:13:16+00:00,alternative,Tower 28,stopped_or_discarded,alternative,Tower 28,stopped_or_discarded,,clean,my Tower 28 gloss ... had a strange playdoh smell ... so I threw mine away
258,S2,1901xtx,kglx91z,https://old.reddit.com/r/Sephora/comments/1901xtx/summer_fridays_lip_balms_are_back_in_stock/,hydration_and_moisture;scent_and_flavor;value_and_quantity,2024-01-06T17:37:48+00:00,alternative,Saie,none_explicit,unstated,Saie,none_explicit,,D4,"no explicit purchase, retention, recommendation, or abandonment act in the raw body; the row records a comparison only"
260,S2,192hjc3,kh2twry,https://www.reddit.com/r/Sephora/comments/192hjc3/am_i_alone_in_saying_when_used_daily_lip_oils/,hydration_and_moisture,2024-01-09T17:30:17+00:00,alternative,Ole Henriksen,none_explicit,unstated,Ole Henriksen,none_explicit,thread declares 32 comments; 29 captured (3 not captured),D4,"no explicit purchase, retention, recommendation, or abandonment act in the raw body; the row records a comparison only"
265,S2,196uttv,khziiyu,https://old.reddit.com/r/makeupflatlays/comments/196uttv/almost_all_of_my_lippies/,hydration_and_moisture;scent_and_flavor;wear_and_longevity,2024-01-15T16:46:07+00:00,alternative,Glossier,none_explicit,unstated,Glossier,none_explicit,,D4,"no explicit purchase, retention, recommendation, or abandonment act in the raw body; the row records a comparison only"
268,S1,197e9bf,ki1lc96,https://www.reddit.com/r/Sephora/comments/197e9bf/i_do_not_need_the_summer_fridays_lip_oil/,scent_and_flavor,2024-01-15T23:40:27+00:00,subject,,retained_or_repurchased,subject,,retained_or_repurchased,thread declares 61 comments; 54 captured (7 not captured),clean,I will skip the oils and repurchase a balm whenever I run out of my ones
269,S3,197e9bf,kivqet1,https://www.reddit.com/r/Sephora/comments/197e9bf/i_do_not_need_the_summer_fridays_lip_oil/,hydration_and_moisture;value_and_quantity,2024-01-21T12:37:53+00:00,neither,,return_intended,neither,,return_intended,thread declares 61 comments; 54 captured (7 not captured),clean,Impulse bought one today ... Going to return.
277,S2,199wb9b,kijnf9n,https://www.reddit.com/r/Sephora/comments/199wb9b/my_thoughts_on_the_new_summer_fridays_lip_oil_and/,hydration_and_moisture,2024-01-19T04:39:46+00:00,alternative,Ilia,none_explicit,unstated,Ilia,none_explicit,thread declares 73 comments; 71 captured (2 not captured),D4,"no explicit purchase, retention, recommendation, or abandonment act in the raw body; the row records a comparison only"
279,S2,199wb9b,kj6v9gb,https://www.reddit.com/r/Sephora/comments/199wb9b/my_thoughts_on_the_new_summer_fridays_lip_oil_and/,scent_and_flavor,2024-01-23T13:21:04+00:00,alternative,Saie,returned_or_refunded,alternative,Saie,returned_or_refunded,thread declares 73 comments; 71 captured (2 not captured),clean,the taste of these is really off putting ... I've returned mine because of this factor.
280,S2,199wb9b,post,https://www.reddit.com/r/Sephora/comments/199wb9b/my_thoughts_on_the_new_summer_fridays_lip_oil_and/,coverage_and_pigment;shade_and_color_fit;texture_and_skin_finish,2024-01-18T18:01:38+00:00,alternative,Saie,return_intended,neither,Saie,return_intended,thread declares 73 comments; 71 captured (2 not captured),D2,I will sadly be returning this. 4/10
283,S2,19akm0c,kime6og,https://www.reddit.com/r/Sephora/comments/19akm0c/tinted_moisturizer_help/,application_and_tool_performance;coverage_and_pigment;texture_and_skin_finish,2024-01-19T18:14:12+00:00,alternative,Hourglass,none_explicit,unstated,Hourglass,none_explicit,thread declares 44 comments; 40 captured (4 not captured),D4,"no explicit purchase, retention, recommendation, or abandonment act in the raw body; the row records a comparison only"
284,S1,19b61sb,layiu2j,https://old.reddit.com/r/Sephora/comments/19b61sb/summer_fridays_lip_balm_smelling_weird/,scent_and_flavor;texture_and_skin_finish,2024-06-30T10:10:56+00:00,subject,,retained_or_repurchased,neither,,stopped_or_discarded,,D3,I ended up throwing it out with a good chunk of it still in the tube
288,S2,19dayj0,kj4l35t,https://old.reddit.com/r/AustralianMakeup/comments/19dayj0/,scent_and_flavor;value_and_quantity,2024-01-23T00:54:28+00:00,alternative,Lanolips,none_explicit,unstated,Lanolips,none_explicit,,D4,"no explicit purchase, retention, recommendation, or abandonment act in the raw body; the row records a comparison only"
289,S3,19dayj0,kj4vz51,https://old.reddit.com/r/AustralianMakeup/comments/19dayj0/,hydration_and_moisture;texture_and_skin_finish,2024-01-23T02:04:44+00:00,neither,,no_future_purchase,neither,,no_future_purchase,,clean,I personally wouldn't repurchase Xx
292,S2,19dayj0,kj6ctk6,https://old.reddit.com/r/AustralianMakeup/comments/19dayj0/,wear_and_longevity,2024-01-23T10:15:05+00:00,alternative,Lanolips,none_explicit,unstated,Lanolips,none_explicit,,D4,"no explicit purchase, retention, recommendation, or abandonment act in the raw body; the row records a comparison only"
297,S1,19ebtuv,kjbofxw,https://old.reddit.com/r/Sephora/comments/19ebtuv/summer_friday_lip_oils_now_that_youve_tried_it/,coverage_and_pigment;scent_and_flavor;texture_and_skin_finish,2024-01-24T08:20:08+00:00,subject,,retained_or_repurchased,subject,,retained_or_repurchased,,clean,I will repurchase their butter balms forever
298,S2,19ebtuv,kjdq8oy,https://old.reddit.com/r/Sephora/comments/19ebtuv/summer_friday_lip_oils_now_that_youve_tried_it/,shade_and_color_fit;value_and_quantity;wear_and_longevity,2024-01-24T18:27:35+00:00,alternative,Ilia,none_explicit,unstated,Ilia,none_explicit,,D4,"no explicit purchase, retention, recommendation, or abandonment act in the raw body; the row records a comparison only"
299,S2,19ebtuv,kjdwk4m,https://old.reddit.com/r/Sephora/comments/19ebtuv/summer_friday_lip_oils_now_that_youve_tried_it/,hydration_and_moisture,2024-01-24T19:02:50+00:00,alternative,Rare Beauty,none_explicit,unstated,Rare Beauty,none_explicit,,D4,"no explicit purchase, retention, recommendation, or abandonment act in the raw body; the row records a comparison only"
303,S2,19eo5it,kje8fca,https://old.reddit.com/r/Sephora/comments/19eo5it/can_we_all_just_admit_that_summer_fridays_isnt/,packaging_and_dispensing,2024-01-24T20:07:06+00:00,alternative,Vaseline,none_explicit,unstated,Vaseline,none_explicit,,D4,"no explicit purchase, retention, recommendation, or abandonment act in the raw body; the row records a comparison only"
304,S3,19eo5it,kjedsa8,https://old.reddit.com/r/Sephora/comments/19eo5it/can_we_all_just_admit_that_summer_fridays_isnt/,hydration_and_moisture;scent_and_flavor,2024-01-24T20:36:01+00:00,neither,,switched_or_replaced,subject,,switched_or_replaced,,D2,I switched from the First Aid Ultra Repair Cream to the Summer Fridays mask
307,S2,19eo5it,kjiyjei,https://old.reddit.com/r/Sephora/comments/19eo5it/can_we_all_just_admit_that_summer_fridays_isnt/,texture_and_skin_finish,2024-01-25T17:00:25+00:00,alternative,Dior,none_explicit,unstated,Dior,none_explicit,,D4,"no explicit purchase, retention, recommendation, or abandonment act in the raw body; the row records a comparison only"
309,S3,1abzm5e,kjtqn8b,https://old.reddit.com/r/Sephora/comments/1abzm5e/summer_fridays_jet_lag_mask/,hydration_and_moisture,2024-01-27T16:54:44+00:00,neither,,switched_or_replaced,alternative,Farmacy,switched_or_replaced,,D2,"I needed higher Niacinamide %, so I switched to Farmacy Niacinamide night mask."
321,S2,1aeox43,kk9veo7,https://old.reddit.com/r/Sephora/comments/1aeox43/laneige_vs_summer_fridays/,hydration_and_moisture;scent_and_flavor;texture_and_skin_finish;wear_and_longevity,2024-01-30T16:09:03+00:00,alternative,Laneige,none_explicit,unstated,Laneige,none_explicit,,D4,"no explicit purchase, retention, recommendation, or abandonment act in the raw body; the row records a comparison only"
326,S1,1ahn26w,koplhn9,https://old.reddit.com/r/Sephora/comments/1ahn26w/how_do_yall_feel_about_the_summer_fridays_lip_balm/,packaging_and_dispensing;value_and_quantity,2024-02-03T07:44:57+00:00,subject,,retained_or_repurchased,unstated,,none_explicit,,D1,if I were to repurchase it would be for the applicator
328,S2,1ahn26w,korzh1j,https://old.reddit.com/r/Sephora/comments/1ahn26w/how_do_yall_feel_about_the_summer_fridays_lip_balm/,hydration_and_moisture;scent_and_flavor;texture_and_skin_finish,2024-02-03T19:37:43+00:00,alternative,Rhode,rejected_or_not_recommended,neither,Rhode,rejected_or_not_recommended,,D2,If you're looking for an actual lip balm that is going to moisturize your lips then I wouldn't recommend.
334,S1,1akf6oh,kp8nsqs,https://www.reddit.com/r/Sephora/comments/1akf6oh/new_summer_fridays_lip_balm_rip_wallet/,hype_originality_and_trust,2024-02-06T21:50:20+00:00,subject,,recommended_or_would_purchase,unstated,,none_explicit,thread declares 128 comments; 109 captured (19 not captured),D1,never tried it - can someone tell me what the hype is for? is it worth buying?
336,S2,1akf6oh,kp9wysa,https://www.reddit.com/r/Sephora/comments/1akf6oh/new_summer_fridays_lip_balm_rip_wallet/,hydration_and_moisture;packaging_and_dispensing;scent_and_flavor;value_and_quantity,2024-02-07T02:30:58+00:00,alternative,Laneige,none_explicit,unstated,Laneige,none_explicit,thread declares 128 comments; 109 captured (19 not captured),D4,"no explicit purchase, retention, recommendation, or abandonment act in the raw body; the row records a comparison only"
354,S2,1arqikh,kqlxob9,https://www.reddit.com/r/Sephora/comments/1arqikh/resellers_already_starting_for_the_summer_fridays/,scent_and_flavor,2024-02-15T23:29:45+00:00,alternative,Tarte,none_explicit,unstated,Tarte,none_explicit,captured comment count 87 exceeds the source-declared count 85; completeness is unknown,D4,"no explicit purchase, retention, recommendation, or abandonment act in the raw body; the row records a comparison only"
359,S2,1asnsu0,kqrvtr8,https://old.reddit.com/r/NYCinfluencersnark/comments/1asnsu0/summer_fridays_lip_balm/,hydration_and_moisture;shade_and_color_fit;texture_and_skin_finish,2024-02-17T01:21:34+00:00,alternative,Aquaphor,none_explicit,unstated,Aquaphor,none_explicit,,D4,"no explicit purchase, retention, recommendation, or abandonment act in the raw body; the row records a comparison only"
362,S2,1asnsu0,kquw9rb,https://old.reddit.com/r/NYCinfluencersnark/comments/1asnsu0/summer_fridays_lip_balm/,hype_originality_and_trust,2024-02-17T16:37:57+00:00,alternative,Aquaphor,none_explicit,unstated,Aquaphor,none_explicit,,D4,"no explicit purchase, retention, recommendation, or abandonment act in the raw body; the row records a comparison only"
376,S2,1b2bl9j,ksl0aym,https://old.reddit.com/r/Sephora/comments/1b2bl9j/moisturizer_pick/,hydration_and_moisture;hype_originality_and_trust;value_and_quantity,2024-02-28T19:48:20+00:00,alternative,Tatcha,none_explicit,unstated,Tatcha,none_explicit,,D4,"no explicit purchase, retention, recommendation, or abandonment act in the raw body; the row records a comparison only"
380,S2,1b685pn,post,https://old.reddit.com/r/OliveMUA/comments/1b685pn/summer_fridays_skin_tint_help_for_a_mediumdeep/,shade_and_color_fit,2024-03-04T10:56:56+00:00,alternative,Dior,none_explicit,unstated,Dior,none_explicit,,D4,"no explicit purchase, retention, recommendation, or abandonment act in the raw body; the row records a comparison only"
384,S2,1b77ldw,ktkcks4,https://old.reddit.com/r/Sephora/comments/1b77ldw/what_are_your_holy_grail_products_repeat_buys/,scent_and_flavor;texture_and_skin_finish,2024-03-06T04:34:16+00:00,alternative,Ole Henriksen,none_explicit,unstated,Ole Henriksen,none_explicit,,D4,"no explicit purchase, retention, recommendation, or abandonment act in the raw body; the row records a comparison only"
386,S2,1bb12wj,ku6rz6s,https://old.reddit.com/r/Sephora/comments/1bb12wj/which_skin_tint_is_best/,value_and_quantity,2024-03-10T06:38:21+00:00,alternative,Glossier,none_explicit,unstated,Glossier,none_explicit,,D4,"no explicit purchase, retention, recommendation, or abandonment act in the raw body; the row records a comparison only"
387,S2,1bb12wj,ku7yc3p,https://old.reddit.com/r/Sephora/comments/1bb12wj/which_skin_tint_is_best/,texture_and_skin_finish,2024-03-10T14:08:20+00:00,alternative,Saie,none_explicit,unstated,Saie,none_explicit,,D4,"no explicit purchase, retention, recommendation, or abandonment act in the raw body; the row records a comparison only"
390,S3,1bey3kh,kuxbuyj,https://www.reddit.com/r/Sephora/comments/1bey3kh/very_underwhelmed_by_summer_fridays_birthday_cake/,coverage_and_pigment;hydration_and_moisture,2024-03-15T01:07:02+00:00,neither,,returned_or_refunded,neither,,returned_or_refunded,thread declares 60 comments; 57 captured (3 not captured),clean,I was so underwhelmed by this one that i returned it.
406,S3,1bm9izm,kwbujo3,https://old.reddit.com/r/Sephora/comments/1bm9izm/,texture_and_skin_finish,2024-03-24T12:09:16+00:00,neither,,returned_or_refunded,neither,,returned_or_refunded,,clean,I returned mine.
407,S2,1bm9izm,kwcd0xu,https://old.reddit.com/r/Sephora/comments/1bm9izm/,hydration_and_moisture;scent_and_flavor;value_and_quantity,2024-03-24T14:32:14+00:00,alternative,Laneige,rejected_or_not_recommended,neither,Laneige,rejected_or_not_recommended,,D2,NO!!!! Save your money!!! I bought 2 (Vanilla Beige & Pink Sugar) of them ... they're just fine.
412,S1,1bsww9d,kxmp30i,https://old.reddit.com/r/AustralianMakeup/comments/1bsww9d/birthday_cake_summer_fridays_lip_balm_coming_to/,hype_originality_and_trust,2024-04-02T00:50:55+00:00,subject,Lanolips,recommended_or_would_purchase,unstated,Lanolips,none_explicit,,D1,Probably not but if it's anything like my local Mecca the influencer hype will get all the preteens
415,S2,1btktl2,kxneghi,https://old.reddit.com/r/Sephora/comments/1btktl2/skin_tint_recs/,packaging_and_dispensing;value_and_quantity,2024-04-02T03:42:51+00:00,alternative,Glossier,none_explicit,unstated,Glossier,none_explicit,,D4,"no explicit purchase, retention, recommendation, or abandonment act in the raw body; the row records a comparison only"
420,S1,1bwaurz,ky56onn,https://www.reddit.com/r/Sephora/comments/1bwaurz/summer_fridays_or_olehenriksen_lip_gloss/,application_and_tool_performance;hydration_and_moisture;texture_and_skin_finish,2024-04-05T08:43:52+00:00,subject,Ole Henriksen,retained_or_repurchased,alternative,Ole Henriksen,retained_or_repurchased,thread declares 37 comments; 36 captured (1 not captured),D2,"If I were to lose it, it would be an automatic repurchase at this point."
425,S3,1bzh9qs,kypxq7y,https://old.reddit.com/r/Sephora/comments/1bzh9qs/summer_fridays_lippie_worth_the_hype/,scent_and_flavor,2024-04-09T03:33:18+00:00,neither,,no_future_purchase,neither,,no_future_purchase,,clean,It's fine but I won't repurchase.
427,S2,1bzh9qs,kyr00yf,https://old.reddit.com/r/Sephora/comments/1bzh9qs/summer_fridays_lippie_worth_the_hype/,hydration_and_moisture;hype_originality_and_trust;packaging_and_dispensing;texture_and_skin_finish;value_and_quantity,2024-04-09T10:35:28+00:00,alternative,Ole Henriksen,none_explicit,unstated,Ole Henriksen,none_explicit,,D4,"no explicit purchase, retention, recommendation, or abandonment act in the raw body; the row records a comparison only"
428,S2,1bzh9qs,kyr5nt9,https://old.reddit.com/r/Sephora/comments/1bzh9qs/summer_fridays_lippie_worth_the_hype/,wear_and_longevity,2024-04-09T11:28:20+00:00,alternative,Ole Henriksen,none_explicit,unstated,Ole Henriksen,none_explicit,,D4,"no explicit purchase, retention, recommendation, or abandonment act in the raw body; the row records a comparison only"
429,S1,1c2h4qp,kza5jxn,https://www.reddit.com/r/Sephora/comments/1c2h4qp/summer_fridays_sour_smell/,formula_consistency_and_change,2024-04-12T19:45:36+00:00,subject,,recommended_or_would_purchase,unstated,,none_explicit,,D1,Sounds like a bad batch that went bad early. I would recommend replacing it.
436,S2,1ceemxn,l1iao4w,https://old.reddit.com/r/Sephora/comments/1ceemxn/is_the_summer_friday_lip_balm_worth_it/,hydration_and_moisture;reaction_and_breakout;scent_and_flavor,2024-04-27T14:56:02+00:00,alternative,Aquaphor,none_explicit,unstated,Aquaphor,none_explicit,,D4,"no explicit purchase, retention, recommendation, or abandonment act in the raw body; the row records a comparison only"
438,S2,1ceemxn,l1iu2h4,https://old.reddit.com/r/Sephora/comments/1ceemxn/is_the_summer_friday_lip_balm_worth_it/,packaging_and_dispensing;texture_and_skin_finish,2024-04-27T16:57:26+00:00,alternative,Laneige,none_explicit,unstated,Laneige,none_explicit,,D4,"no explicit purchase, retention, recommendation, or abandonment act in the raw body; the row records a comparison only"
439,S2,1ceemxn,l1j07su,https://old.reddit.com/r/Sephora/comments/1ceemxn/is_the_summer_friday_lip_balm_worth_it/,value_and_quantity,2024-04-27T17:35:39+00:00,alternative,Aquaphor,none_explicit,unstated,Aquaphor,none_explicit,,D4,"no explicit purchase, retention, recommendation, or abandonment act in the raw body; the row records a comparison only"
442,S2,1cfis9v,l1psg9r,https://www.reddit.com/r/glossier/comments/1cfis9v/whats_the_original_formula_like/,hydration_and_moisture,2024-04-29T00:05:14+00:00,alternative,Glossier,none_explicit,unstated,Glossier,none_explicit,,D4,"no explicit purchase, retention, recommendation, or abandonment act in the raw body; the row records a comparison only"
445,S2,1ckhmme,post,https://www.reddit.com/r/Sephora/comments/1ckhmme/give_me_a_lip_balm_recommendation_based_on_my/,scent_and_flavor;texture_and_skin_finish,2024-05-05T03:01:44+00:00,alternative,Laneige,returned_or_refunded,unstated,Laneige,none_explicit,thread declares 22 comments; 20 captured (2 not captured),PL,'Returned or didn't use again:' list is truncated in the preserved body
449,S2,1clfkmo,l2u6ot2,https://old.reddit.com/r/Sephora/comments/1clfkmo/which_skin_tint_would_you_recommend_the_most/,coverage_and_pigment,2024-05-06T14:59:17+00:00,alternative,Hourglass,none_explicit,unstated,Hourglass,none_explicit,,D4,"no explicit purchase, retention, recommendation, or abandonment act in the raw body; the row records a comparison only"
450,S2,1clfkmo,l2uj754,https://old.reddit.com/r/Sephora/comments/1clfkmo/which_skin_tint_would_you_recommend_the_most/,shade_and_color_fit,2024-05-06T16:13:33+00:00,alternative,Hourglass,none_explicit,unstated,Hourglass,none_explicit,,D4,"no explicit purchase, retention, recommendation, or abandonment act in the raw body; the row records a comparison only"
452,S2,1clfkmo,l2v0jkk,https://old.reddit.com/r/Sephora/comments/1clfkmo/which_skin_tint_would_you_recommend_the_most/,application_and_tool_performance,2024-05-06T17:55:30+00:00,alternative,Hourglass,none_explicit,unstated,Hourglass,none_explicit,,D4,"no explicit purchase, retention, recommendation, or abandonment act in the raw body; the row records a comparison only"
457,S2,1cx0kf6,l5p26e7,https://old.reddit.com/r/SkincareAddiction/comments/1cx0kf6/product_question_summer_fridays_jet_lag_mask_how/,texture_and_skin_finish;value_and_quantity,2024-05-26T02:46:30+00:00,alternative,Tatcha,rejected_or_not_recommended,alternative,Tatcha,rejected_or_not_recommended,,clean,trust me i do not buy tatcha
458,S2,1cx0kf6,loie1qz,https://old.reddit.com/r/SkincareAddiction/comments/1cx0kf6/product_question_summer_fridays_jet_lag_mask_how/,hydration_and_moisture,2024-09-23T11:42:21+00:00,alternative,Tatcha,none_explicit,unstated,Tatcha,none_explicit,,D4,"no explicit purchase, retention, recommendation, or abandonment act in the raw body; the row records a comparison only"
462,S2,1d18sp0,l5u9rdw,https://old.reddit.com/r/Sephora/comments/1d18sp0/,coverage_and_pigment;texture_and_skin_finish,2024-05-27T04:18:29+00:00,alternative,Mac,none_explicit,unstated,Mac,none_explicit,,D4,"no explicit purchase, retention, recommendation, or abandonment act in the raw body; the row records a comparison only"
464,S2,1d1frnd,l5w0cwr,https://www.reddit.com/r/Sephora/comments/1d1frnd/this_or_summer_fridays/,hydration_and_moisture,2024-05-27T14:47:01+00:00,alternative,Hourglass,none_explicit,unstated,Hourglass,none_explicit,,D4,"no explicit purchase, retention, recommendation, or abandonment act in the raw body; the row records a comparison only"
465,S2,1d1frnd,l5w93e6,https://www.reddit.com/r/Sephora/comments/1d1frnd/this_or_summer_fridays/,formula_consistency_and_change;shade_and_color_fit;texture_and_skin_finish,2024-05-27T15:42:16+00:00,alternative,Hourglass,returned_or_refunded,alternative,Hourglass,switched_or_replaced,,D6,I returned it for Hourglass which is same as SF but better in all aspects
467,S2,1d1frnd,l5zcu3k,https://www.reddit.com/r/Sephora/comments/1d1frnd/this_or_summer_fridays/,coverage_and_pigment;scent_and_flavor,2024-05-28T04:24:44+00:00,alternative,Saie,none_explicit,unstated,Saie,none_explicit,,D4,"no explicit purchase, retention, recommendation, or abandonment act in the raw body; the row records a comparison only"
469,S2,1dao7be,l7mqyo8,https://old.reddit.com/r/Sephora/comments/1dao7be/what_are_products_you_cannot_live_without/,hydration_and_moisture;texture_and_skin_finish,2024-06-08T04:02:48+00:00,alternative,Laneige,none_explicit,unstated,Laneige,none_explicit,,D4,"no explicit purchase, retention, recommendation, or abandonment act in the raw body; the row records a comparison only"
474,S3,1ddzt09,l89zx9e,https://www.reddit.com/r/MakeupAddiction/comments/1ddzt09/are_the_summer_friday_lip_balms_actually_worth_it/,hydration_and_moisture,2024-06-12T14:51:05+00:00,neither,,returned_or_refunded,neither,,rejected_or_not_recommended,,D6,"I should have returned it, it doesn't do anything for me."
478,S2,1df3erx,l8hf6nx,https://old.reddit.com/r/Sephora/comments/1df3erx/summer_fridays_lip_balm_swatches_in_the_brownish/,coverage_and_pigment;hydration_and_moisture;scent_and_flavor;texture_and_skin_finish;wear_and_longevity,2024-06-13T20:53:38+00:00,alternative,Rhode,none_explicit,unstated,Rhode,none_explicit,,D4,"no explicit purchase, retention, recommendation, or abandonment act in the raw body; the row records a comparison only"
483,S2,1dgu3zx,l95e9am,https://old.reddit.com/r/Sephora/comments/1dgu3zx/summer_friday_lip_balm/,coverage_and_pigment;formula_consistency_and_change;packaging_and_dispensing;scent_and_flavor,2024-06-18T13:11:56+00:00,alternative,Glossier,none_explicit,unstated,Glossier,none_explicit,,D4,"no explicit purchase, retention, recommendation, or abandonment act in the raw body; the row records a comparison only"
487,S2,1dmxqe1,l9ys4p4,https://www.reddit.com/r/Sephora/comments/1dmxqe1/which_skin_tint_would_you_recommend_looking_for/,coverage_and_pigment;hydration_and_moisture;texture_and_skin_finish,2024-06-23T22:11:42+00:00,alternative,Glossier,none_explicit,unstated,Glossier,none_explicit,thread declares 51 comments; 49 captured (2 not captured),D4,"no explicit purchase, retention, recommendation, or abandonment act in the raw body; the row records a comparison only"
490,S3,1dtoyzu,lbbexes,https://old.reddit.com/r/Sephora/comments/1dtoyzu/summer_fridays_gave_me_a_rash_on_face/,reaction_and_breakout,2024-07-02T17:47:45+00:00,neither,,returned_or_refunded,neither,,returned_or_refunded,,clean,I just returned mine. It made my dermatitis worse
497,S2,1e13lo7,lcrsnto,https://old.reddit.com/r/Sephora/comments/1e13lo7/tower_28_saie_or_summer_fridays_for_tinted/,hydration_and_moisture,2024-07-12T01:57:03+00:00,alternative,Saie,returned_or_refunded,alternative,Saie,returned_or_refunded,,clean,"I was recommended the saie in store, bought it, hated it, returned it."
498,S2,1e13lo7,lcsodj8,https://old.reddit.com/r/Sephora/comments/1e13lo7/tower_28_saie_or_summer_fridays_for_tinted/,reaction_and_breakout;texture_and_skin_finish,2024-07-12T06:09:28+00:00,alternative,Saie,none_explicit,unstated,Saie,none_explicit,,D4,"no explicit purchase, retention, recommendation, or abandonment act in the raw body; the row records a comparison only"
499,S2,1e13lo7,lcsxm6u,https://old.reddit.com/r/Sephora/comments/1e13lo7/tower_28_saie_or_summer_fridays_for_tinted/,coverage_and_pigment;value_and_quantity,2024-07-12T07:47:29+00:00,alternative,Tower 28,none_explicit,unstated,Tower 28,none_explicit,,D4,"no explicit purchase, retention, recommendation, or abandonment act in the raw body; the row records a comparison only"
500,S2,1e57hgs,ldlaox7,https://www.reddit.com/r/Sephora/comments/1e57hgs/favorite_skin_tint/,value_and_quantity,2024-07-17T10:53:01+00:00,alternative,Ilia,none_explicit,unstated,Ilia,none_explicit,thread declares 65 comments; 62 captured (3 not captured),D4,"no explicit purchase, retention, recommendation, or abandonment act in the raw body; the row records a comparison only"
505,S2,1ebcxf5,les010t,https://www.reddit.com/r/Sephora/comments/1ebcxf5/tinted_moisturizer/,coverage_and_pigment;hydration_and_moisture,2024-07-24T21:49:54+00:00,alternative,Hourglass,none_explicit,unstated,Hourglass,none_explicit,thread declares 44 comments; 39 captured (5 not captured),D4,"no explicit purchase, retention, recommendation, or abandonment act in the raw body; the row records a comparison only"
508,S2,1ee21xh,lfct0e4,https://www.reddit.com/r/makeupdupes/comments/1ee21xh/aliexpress_dupe_lippies_summer_fridays_rhodes/,hydration_and_moisture,2024-07-28T16:21:54+00:00,alternative,Elf,rejected_or_not_recommended,alternative,Elf,recommended_or_would_purchase,,D3,If you want an inexpensive nourishing lip treatment the ELF Squeeze Me balm.
509,S2,1ee21xh,lfgrpvo,https://www.reddit.com/r/makeupdupes/comments/1ee21xh/aliexpress_dupe_lippies_summer_fridays_rhodes/,scent_and_flavor,2024-07-29T10:00:44+00:00,alternative,Rhode,none_explicit,unstated,Rhode,none_explicit,,D4,"no explicit purchase, retention, recommendation, or abandonment act in the raw body; the row records a comparison only"
510,S2,1ee21xh,loloacl,https://www.reddit.com/r/makeupdupes/comments/1ee21xh/aliexpress_dupe_lippies_summer_fridays_rhodes/,reaction_and_breakout,2024-09-23T22:45:41+00:00,alternative,Rhode,rejected_or_not_recommended,unstated,Rhode,none_explicit,,D1,don't buy makeup from there ... but the lip products are a must
512,S2,1ee21xh,n80un75,https://www.reddit.com/r/makeupdupes/comments/1ee21xh/aliexpress_dupe_lippies_summer_fridays_rhodes/,hype_originality_and_trust;packaging_and_dispensing;value_and_quantity,2025-08-10T23:27:40+00:00,alternative,Mac,rejected_or_not_recommended,unstated,Mac,none_explicit,,D2,I bought a Mac dupe foundation that gave me some scarring
514,S2,1eizw8l,lga3zoy,https://www.reddit.com/r/Makeup/comments/1eizw8l/summer_fridays_lip_balm_worth_it/,hydration_and_moisture;scent_and_flavor;value_and_quantity,2024-08-03T10:34:38+00:00,alternative,Vaseline,none_explicit,unstated,Vaseline,none_explicit,thread declares 23 comments; 18 captured (5 not captured),D4,"no explicit purchase, retention, recommendation, or abandonment act in the raw body; the row records a comparison only"
517,S2,1eizw8l,lge4k9i,https://www.reddit.com/r/Makeup/comments/1eizw8l/summer_fridays_lip_balm_worth_it/,texture_and_skin_finish,2024-08-04T02:01:14+00:00,alternative,Lanolips,no_future_purchase,neither,Lanolips,no_future_purchase,thread declares 23 comments; 18 captured (5 not captured),D2,Most likely won't repurchase even though I got it in a set for cheaper.
520,S2,1ek7s9d,lgj0xab,https://old.reddit.com/r/Sephora/comments/1ek7s9d/deinfluence_me/,application_and_tool_performance;coverage_and_pigment;hydration_and_moisture;packaging_and_dispensing;texture_and_skin_finish,2024-08-04T23:30:40+00:00,alternative,Merit,none_explicit,unstated,Merit,none_explicit,,D4,"no explicit purchase, retention, recommendation, or abandonment act in the raw body; the row records a comparison only"
521,S2,1ek7s9d,lgja92o,https://old.reddit.com/r/Sephora/comments/1ek7s9d/deinfluence_me/,shade_and_color_fit,2024-08-05T00:32:23+00:00,alternative,Dior,none_explicit,unstated,Dior,none_explicit,,D4,"no explicit purchase, retention, recommendation, or abandonment act in the raw body; the row records a comparison only"
522,S2,1ek7s9d,lgjq29l,https://old.reddit.com/r/Sephora/comments/1ek7s9d/deinfluence_me/,scent_and_flavor;value_and_quantity;wear_and_longevity,2024-08-05T02:20:59+00:00,alternative,Glossier,none_explicit,unstated,Glossier,none_explicit,,D4,"no explicit purchase, retention, recommendation, or abandonment act in the raw body; the row records a comparison only"
525,S3,1eo9ln0,lhc2nzl,https://www.reddit.com/r/30PlusSkinCare/comments/1eo9ln0/replacement_for_summer_fridays_dream_oasis_deep/,hydration_and_moisture;reaction_and_breakout;value_and_quantity,2024-08-09T20:39:28+00:00,neither,,switched_or_replaced,subject,,switched_or_replaced,,D2,I actually switched from oasis to midnight because it was more effective
529,S2,1ep8x4l,lhnvfd8,https://www.reddit.com/r/glossier/comments/1ep8x4l/cherry_bdc_and_summer_fridays_cherry_smell_and/,hydration_and_moisture;scent_and_flavor;texture_and_skin_finish,2024-08-11T23:08:09+00:00,alternative,Glossier,none_explicit,unstated,Glossier,none_explicit,,D4,"no explicit purchase, retention, recommendation, or abandonment act in the raw body; the row records a comparison only"
530,S2,1es5107,li3bkud,https://old.reddit.com/r/Sephora/comments/1es5107/ole_henriksen_peptide_lip_treatment/,value_and_quantity,2024-08-14T16:00:14+00:00,alternative,Ole Henriksen,none_explicit,unstated,Ole Henriksen,none_explicit,,D4,"no explicit purchase, retention, recommendation, or abandonment act in the raw body; the row records a comparison only"
535,S2,1f216cu,lk349jk,https://old.reddit.com/r/Sephora/comments/1f216cu/anyone_else_disappointed_by_the_ole_henriksen_lip/,hype_originality_and_trust,2024-08-26T22:34:52+00:00,alternative,Tower 28,none_explicit,unstated,Tower 28,none_explicit,,D4,"no explicit purchase, retention, recommendation, or abandonment act in the raw body; the row records a comparison only"
536,S2,1f216cu,lk39ubh,https://old.reddit.com/r/Sephora/comments/1f216cu/anyone_else_disappointed_by_the_ole_henriksen_lip/,scent_and_flavor,2024-08-26T23:08:43+00:00,alternative,Lanolips,none_explicit,unstated,Lanolips,none_explicit,,D4,"no explicit purchase, retention, recommendation, or abandonment act in the raw body; the row records a comparison only"
541,S3,1f6je33,ll27iao,https://old.reddit.com/r/Sephora/comments/1f6je33/summer_fridays_jet_lag_line/,hydration_and_moisture;hype_originality_and_trust;reaction_and_breakout,2024-09-01T22:44:41+00:00,neither,,stopped_or_discarded,neither,,stopped_or_discarded,,clean,after a couple uses it starts making my face burn so I stopped using.
544,S2,1fcbif7,lm7b6ss,https://old.reddit.com/r/Sephora/comments/1fcbif7/influence_or_de_influence_me/,value_and_quantity,2024-09-09T00:15:08+00:00,alternative,Tarte,none_explicit,unstated,Tarte,none_explicit,,D4,"no explicit purchase, retention, recommendation, or abandonment act in the raw body; the row records a comparison only"
545,S2,1fcbif7,lm9uh0u,https://old.reddit.com/r/Sephora/comments/1fcbif7/influence_or_de_influence_me/,texture_and_skin_finish,2024-09-09T13:25:07+00:00,alternative,Ole Henriksen,none_explicit,unstated,Ole Henriksen,none_explicit,,D4,"no explicit purchase, retention, recommendation, or abandonment act in the raw body; the row records a comparison only"
550,S2,1ffau37,post,https://old.reddit.com/r/SkincareAddiction/comments/1ffau37/product_question_would_you_recommend_the_summer/,hydration_and_moisture,2024-09-12T19:16:23+00:00,alternative,Laneige,none_explicit,unstated,Laneige,none_explicit,,D4,"no explicit purchase, retention, recommendation, or abandonment act in the raw body; the row records a comparison only"
555,S2,1fj59vo,lnrpedx,https://old.reddit.com/r/Sephora/comments/1fj59vo/new_summer_fridays_lip_balm/,shade_and_color_fit;texture_and_skin_finish;wear_and_longevity,2024-09-18T17:59:45+00:00,alternative,Glossier,none_explicit,unstated,Glossier,none_explicit,,D4,"no explicit purchase, retention, recommendation, or abandonment act in the raw body; the row records a comparison only"
557,S3,1fj59vo,loijx7i,https://old.reddit.com/r/Sephora/comments/1fj59vo/new_summer_fridays_lip_balm/,coverage_and_pigment;hype_originality_and_trust;scent_and_flavor,2024-09-23T12:26:58+00:00,neither,,rejected_or_not_recommended,unstated,,none_explicit,,D2,It's a marketplace seller ... This is a FAKE COPY of Summer Fridays
560,S2,1flu6u4,lo6dau6,https://www.reddit.com/r/Sephora/comments/1flu6u4/summer_fridays_vs_tower_28/,hydration_and_moisture,2024-09-21T07:37:31+00:00,alternative,Glossier,none_explicit,unstated,Glossier,none_explicit,thread declares 15 comments; 14 captured (1 not captured),D4,"no explicit purchase, retention, recommendation, or abandonment act in the raw body; the row records a comparison only"
563,S1,1fmbcmn,loa5br9,https://old.reddit.com/r/Sephora/comments/1fmbcmn/summer_fridays_in_iced_coffee_smell_and_tint/,scent_and_flavor,2024-09-21T22:59:01+00:00,subject,,recommended_or_would_purchase,subject,,recommended_or_would_purchase,,clean,i have two of these! ... i definitely recommend it!
568,S3,1fo16y5,lomxtwy,https://old.reddit.com/r/Sephora/comments/1fo16y5/summer_fridays_brown_sugar/,scent_and_flavor,2024-09-24T03:23:57+00:00,neither,,stopped_or_discarded,neither,,stopped_or_discarded,,clean,I didn't bother trying to return it and just threw it away.
583,S2,1ft1w8d,lppwb5s,https://www.reddit.com/r/Sephora/comments/1ft1w8d/summer_fridays_brown_sugar_mini_doesnt_seem_full/,scent_and_flavor;texture_and_skin_finish;wear_and_longevity,2024-09-30T22:00:46+00:00,alternative,Ole Henriksen,none_explicit,unstated,Ole Henriksen,none_explicit,thread declares 15 comments; 13 captured (2 not captured),D4,"no explicit purchase, retention, recommendation, or abandonment act in the raw body; the row records a comparison only"
584,S3,1fu32im,lpwrcau,https://old.reddit.com/r/Sephora/comments/1fu32im/summer_fridays_ruined_my_lips/,packaging_and_dispensing,2024-10-02T01:34:50+00:00,neither,,stopped_or_discarded,alternative,Topicals,stopped_or_discarded,,D2,I loved Topicals ... Then I stopped using it for a smidge and ... my cap had grown mold
587,S2,1fu32im,lpxamer,https://old.reddit.com/r/Sephora/comments/1fu32im/summer_fridays_ruined_my_lips/,reaction_and_breakout;scent_and_flavor,2024-10-02T03:39:14+00:00,alternative,Vaseline,none_explicit,unstated,Vaseline,none_explicit,,D4,"no explicit purchase, retention, recommendation, or abandonment act in the raw body; the row records a comparison only"
588,S2,1fu32im,lpxe82c,https://old.reddit.com/r/Sephora/comments/1fu32im/summer_fridays_ruined_my_lips/,value_and_quantity,2024-10-02T04:07:29+00:00,alternative,Aquaphor,none_explicit,unstated,Aquaphor,none_explicit,,D4,"no explicit purchase, retention, recommendation, or abandonment act in the raw body; the row records a comparison only"
589,S1,1fu32im,lpzspyc,https://old.reddit.com/r/Sephora/comments/1fu32im/summer_fridays_ruined_my_lips/,hydration_and_moisture,2024-10-02T16:01:23+00:00,subject,Rhode,retained_or_repurchased,neither,Rhode,no_future_purchase,,D3,I will never repurchase that lip balm again lol
590,S2,1fu32im,lq00ulz,https://old.reddit.com/r/Sephora/comments/1fu32im/summer_fridays_ruined_my_lips/,texture_and_skin_finish,2024-10-02T16:43:45+00:00,alternative,Laneige,none_explicit,unstated,Laneige,none_explicit,,D4,"no explicit purchase, retention, recommendation, or abandonment act in the raw body; the row records a comparison only"
598,S2,1fvevie,lq79h2b,https://old.reddit.com/r/beauty/comments/1fvevie/summer_fridays_is_lying_to_you/,reaction_and_breakout,2024-10-03T21:14:26+00:00,alternative,Kosas,none_explicit,unstated,Kosas,none_explicit,,D4,"no explicit purchase, retention, recommendation, or abandonment act in the raw body; the row records a comparison only"
603,S2,1fvevie,mi9chqg,https://old.reddit.com/r/beauty/comments/1fvevie/summer_fridays_is_lying_to_you/,hydration_and_moisture,2025-03-17T13:54:54+00:00,alternative,Rhode,switched_or_replaced,alternative,Rhode,switched_or_replaced,,clean,I've used both the summer Fridays and recently switched to rhode since a week
604,S2,1fvevie,post,https://old.reddit.com/r/beauty/comments/1fvevie/summer_fridays_is_lying_to_you/,scent_and_flavor;value_and_quantity,2024-10-03T18:39:55+00:00,alternative,Rhode,none_explicit,unstated,Rhode,none_explicit,,D4,"no explicit purchase, retention, recommendation, or abandonment act in the raw body; the row records a comparison only"
608,S2,1fyynnz,post,https://old.reddit.com/r/drugstoreMUA/comments/1fyynnz/thick_cushiony_very_moisturizing_clear_lip/,scent_and_flavor;value_and_quantity,2024-10-08T12:32:33+00:00,alternative,Aquaphor,none_explicit,unstated,Aquaphor,none_explicit,,D4,"no explicit purchase, retention, recommendation, or abandonment act in the raw body; the row records a comparison only"
610,S2,1g207cd,lrkhy5m,https://www.reddit.com/r/Sephora/comments/1g207cd/best_ole_henriksen_lip_balm_flavourcolour/,value_and_quantity,2024-10-12T14:21:42+00:00,alternative,Laneige,none_explicit,unstated,Laneige,none_explicit,,D4,"no explicit purchase, retention, recommendation, or abandonment act in the raw body; the row records a comparison only"
611,S1,1g207cd,lrmdotx,https://www.reddit.com/r/Sephora/comments/1g207cd/best_ole_henriksen_lip_balm_flavourcolour/,scent_and_flavor;texture_and_skin_finish,2024-10-12T20:44:48+00:00,subject,,recommended_or_would_purchase,subject,,recommended_or_would_purchase,,clean,I would recommend summer Fridays more
612,S2,1g5v2xo,lse9379,https://old.reddit.com/r/OliveMUA/comments/1g5v2xo/muted_yellow_leaning_warm_light_olives_what/,scent_and_flavor;shade_and_color_fit,2024-10-17T17:36:39+00:00,alternative,Elf,none_explicit,unstated,Elf,none_explicit,,D4,"no explicit purchase, retention, recommendation, or abandonment act in the raw body; the row records a comparison only"
613,S2,1g6a3ok,lsiaz6g,https://old.reddit.com/r/Sephora/comments/1g6a3ok/actually_hydrating_lip_balm/,scent_and_flavor,2024-10-18T11:01:18+00:00,alternative,Laneige,none_explicit,unstated,Laneige,none_explicit,,D4,"no explicit purchase, retention, recommendation, or abandonment act in the raw body; the row records a comparison only"
615,S2,1g6a3ok,lsifdue,https://old.reddit.com/r/Sephora/comments/1g6a3ok/actually_hydrating_lip_balm/,packaging_and_dispensing,2024-10-18T11:38:26+00:00,alternative,Kosas,none_explicit,unstated,Kosas,none_explicit,,D4,"no explicit purchase, retention, recommendation, or abandonment act in the raw body; the row records a comparison only"
617,S2,1g9kuoe,lt6rqdo,https://www.reddit.com/r/Sephora/comments/1g9kuoe/how_moisturizing_is_summer_fridays/,texture_and_skin_finish,2024-10-22T15:40:54+00:00,alternative,Ole Henriksen,none_explicit,unstated,Ole Henriksen,none_explicit,,D4,"no explicit purchase, retention, recommendation, or abandonment act in the raw body; the row records a comparison only"
619,S3,1g9kuoe,lta4vai,https://www.reddit.com/r/Sephora/comments/1g9kuoe/how_moisturizing_is_summer_fridays/,coverage_and_pigment;hydration_and_moisture,2024-10-23T02:37:59+00:00,neither,,reduced_use,neither,,reduced_use,,clean,I would only use it throughout the day than before bed
620,S2,1g9kuoe,ltmgl7m,https://www.reddit.com/r/Sephora/comments/1g9kuoe/how_moisturizing_is_summer_fridays/,value_and_quantity,2024-10-25T02:50:30+00:00,alternative,Aquaphor,rejected_or_not_recommended,neither,Aquaphor,rejected_or_not_recommended,,D2,I consider it like a lipgloss save your money
624,S2,1gf8zau,lufv3zt,https://old.reddit.com/r/Sephora/comments/1gf8zau/help_me_choose_a_skin_tint/,texture_and_skin_finish,2024-10-30T00:07:26+00:00,alternative,Hourglass,none_explicit,unstated,Hourglass,none_explicit,,D4,"no explicit purchase, retention, recommendation, or abandonment act in the raw body; the row records a comparison only"
627,S2,1gixwmt,lv9331b,https://old.reddit.com/r/Sephora/comments/1gixwmt/please_deinfluence_me/,hydration_and_moisture;shade_and_color_fit;texture_and_skin_finish;wear_and_longevity,2024-11-03T22:13:35+00:00,alternative,Fenty,none_explicit,unstated,Fenty,none_explicit,,D4,"no explicit purchase, retention, recommendation, or abandonment act in the raw body; the row records a comparison only"
630,S1,1gk4w7d,lvidcha,https://old.reddit.com/r/AustralianMakeup/comments/1gk4w7d/summer_fridays_lip_butter_balms/,hydration_and_moisture;packaging_and_dispensing;scent_and_flavor,2024-11-05T12:13:06+00:00,subject,,recommended_or_would_purchase,unstated,,none_explicit,,D1,Some people do think it's worth buying though!
631,S2,1gk4w7d,lvkdqoj,https://old.reddit.com/r/AustralianMakeup/comments/1gk4w7d/summer_fridays_lip_butter_balms/,shade_and_color_fit,2024-11-05T18:42:15+00:00,alternative,Ole Henriksen,none_explicit,unstated,Ole Henriksen,none_explicit,,D4,"no explicit purchase, retention, recommendation, or abandonment act in the raw body; the row records a comparison only"
638,S2,1gspi3y,lxgbilo,https://old.reddit.com/r/Sephora/comments/1gspi3y/anyone_super_underwhelmed_by_this/,coverage_and_pigment,2024-11-16T16:36:41+00:00,alternative,Hourglass,none_explicit,unstated,Hourglass,none_explicit,,D4,"no explicit purchase, retention, recommendation, or abandonment act in the raw body; the row records a comparison only"
642,S2,1gy2gaf,lymctwk,https://old.reddit.com/r/Rosacea/comments/1gy2gaf/moisturizer_at_the_end_of_my_rope_here/,hydration_and_moisture;texture_and_skin_finish,2024-11-23T19:07:33+00:00,alternative,Tatcha,none_explicit,unstated,Tatcha,none_explicit,,D4,"no explicit purchase, retention, recommendation, or abandonment act in the raw body; the row records a comparison only"
646,S2,1h0wfao,lz93fdg,https://old.reddit.com/r/Sephora/comments/1h0wfao/summer_fridays_lip_butter_balm_vs_laneige_lip/,hydration_and_moisture;scent_and_flavor,2024-11-27T15:14:51+00:00,alternative,Laneige,none_explicit,unstated,Laneige,none_explicit,,D4,"no explicit purchase, retention, recommendation, or abandonment act in the raw body; the row records a comparison only"
647,S2,1h0wfao,lz94fle,https://old.reddit.com/r/Sephora/comments/1h0wfao/summer_fridays_lip_butter_balm_vs_laneige_lip/,texture_and_skin_finish,2024-11-27T15:20:26+00:00,alternative,Laneige,none_explicit,unstated,Laneige,none_explicit,,D4,"no explicit purchase, retention, recommendation, or abandonment act in the raw body; the row records a comparison only"
648,S2,1h0wfao,lzbk3fb,https://old.reddit.com/r/Sephora/comments/1h0wfao/summer_fridays_lip_butter_balm_vs_laneige_lip/,packaging_and_dispensing,2024-11-27T23:02:42+00:00,alternative,Laneige,no_future_purchase,alternative,Laneige,no_future_purchase,,clean,The tubed Laneige dried out my lips immediately ... Won't purchase it again.
649,S2,1h0wfao,lzcjn4i,https://old.reddit.com/r/Sephora/comments/1h0wfao/summer_fridays_lip_butter_balm_vs_laneige_lip/,value_and_quantity,2024-11-28T02:49:53+00:00,alternative,Laneige,none_explicit,unstated,Laneige,none_explicit,,D4,"no explicit purchase, retention, recommendation, or abandonment act in the raw body; the row records a comparison only"
653,S2,1h20mws,lzfxdgm,https://old.reddit.com/r/Sephora/comments/1h20mws/ole_henriksen_pout_preserve_vs_laneige_lip_glowy/,hydration_and_moisture,2024-11-28T18:22:41+00:00,alternative,Ole Henriksen,none_explicit,unstated,Ole Henriksen,none_explicit,,D4,"no explicit purchase, retention, recommendation, or abandonment act in the raw body; the row records a comparison only"
663,S1,1hf0hhi,m2fg99i,https://old.reddit.com/r/ProjectPan/comments/1hf0hhi/summer_fridays_pan/,hype_originality_and_trust;value_and_quantity,2024-12-17T01:56:19+00:00,subject,Elf,retained_or_repurchased,neither,Elf,no_future_purchase,,D3,After I'm done with the Summer Friday minis I prolly won't ever repurchase.
664,S2,1hf0hhi,m2gkw8w,https://old.reddit.com/r/ProjectPan/comments/1hf0hhi/summer_fridays_pan/,texture_and_skin_finish,2024-12-17T06:55:40+00:00,alternative,Rhode,none_explicit,unstated,Rhode,none_explicit,,D4,"no explicit purchase, retention, recommendation, or abandonment act in the raw body; the row records a comparison only"
666,S2,1hfmutg,m2f9qsb,https://www.reddit.com/r/Sephora/comments/1hfmutg/for_people_who_have_tried_all_of_these_lip_balms/,hydration_and_moisture;scent_and_flavor,2024-12-17T01:16:59+00:00,alternative,Ole Henriksen,none_explicit,unstated,Ole Henriksen,none_explicit,thread declares 25 comments; 21 captured (4 not captured),D4,"no explicit purchase, retention, recommendation, or abandonment act in the raw body; the row records a comparison only"
668,S2,1hjvfpa,m39p4ef,https://www.reddit.com/r/beauty/comments/1hjvfpa/summer_fridays_lip_balm_or_rhode_lip_tinthelp_a/,scent_and_flavor,2024-12-22T11:08:31+00:00,alternative,Rhode,none_explicit,unstated,Rhode,none_explicit,,D4,"no explicit purchase, retention, recommendation, or abandonment act in the raw body; the row records a comparison only"
672,S2,1hjvfpa,post,https://www.reddit.com/r/beauty/comments/1hjvfpa/summer_fridays_lip_balm_or_rhode_lip_tinthelp_a/,hydration_and_moisture,2024-12-22T09:44:44+00:00,alternative,Rhode,none_explicit,unstated,Rhode,none_explicit,,D4,"no explicit purchase, retention, recommendation, or abandonment act in the raw body; the row records a comparison only"
680,S2,1ho4jo9,post,https://www.reddit.com/r/MakeupAddiction/comments/1ho4jo9/lip_glossbalms_that_dont_cost_a_fortune/,value_and_quantity,2024-12-28T12:17:10+00:00,alternative,Rhode,none_explicit,unstated,Rhode,none_explicit,thread declares 27 comments; 25 captured (2 not captured),D4,"no explicit purchase, retention, recommendation, or abandonment act in the raw body; the row records a comparison only"
696,S2,1hu9x46,m5kzbap,https://old.reddit.com/r/Sephora/comments/1hu9x46/what_products_were_your_winners_and_losers_in_2024/,hydration_and_moisture,2025-01-05T20:47:14+00:00,alternative,Ole Henriksen,none_explicit,unstated,Ole Henriksen,none_explicit,,D4,"no explicit purchase, retention, recommendation, or abandonment act in the raw body; the row records a comparison only"
697,S2,1i0e6fh,m6yz1en,https://old.reddit.com/r/Sephora/comments/1i0e6fh/,coverage_and_pigment;hydration_and_moisture;texture_and_skin_finish,2025-01-13T19:36:12+00:00,alternative,Hourglass,none_explicit,unstated,Hourglass,none_explicit,,D4,"no explicit purchase, retention, recommendation, or abandonment act in the raw body; the row records a comparison only"
700,S3,1i2oqpt,m7kecyi,https://www.reddit.com/r/ProjectPan/comments/1i2oqpt/summer_fridays_lip_balmfinally_this_one_took_a/,value_and_quantity,2025-01-17T02:50:32+00:00,neither,,rejected_or_not_recommended,neither,,rejected_or_not_recommended,thread declares 9 comments; 8 captured (1 not captured),clean,"Yes, save your money!"
710,S2,1i7oale,m8zozyg,https://www.reddit.com/r/Sephora/comments/1i7oale/day_time_collection_vs_night/,scent_and_flavor,2025-01-24T22:17:38+00:00,alternative,Rhode,none_explicit,unstated,Rhode,none_explicit,thread declares 31 comments; 29 captured (2 not captured),D4,"no explicit purchase, retention, recommendation, or abandonment act in the raw body; the row records a comparison only"
713,S2,1i8imlu,m8u5ae9,https://old.reddit.com/r/Sephora/comments/1i8imlu/best_lip_balm_for_dry_chapped_lips/,texture_and_skin_finish,2025-01-24T01:47:48+00:00,alternative,Laneige,none_explicit,unstated,Laneige,none_explicit,,D4,"no explicit purchase, retention, recommendation, or abandonment act in the raw body; the row records a comparison only"
716,S2,1i964e8,m8zdkbz,https://www.reddit.com/r/rhodeskin/comments/1i964e8/rhode_vs_summer_fridays/,coverage_and_pigment,2025-01-24T21:23:08+00:00,alternative,Rhode,none_explicit,unstated,Rhode,none_explicit,captured comment count 14 exceeds the source-declared count 13; completeness is unknown,D4,"no explicit purchase, retention, recommendation, or abandonment act in the raw body; the row records a comparison only"
717,S2,1i964e8,m8zhkip,https://www.reddit.com/r/rhodeskin/comments/1i964e8/rhode_vs_summer_fridays/,application_and_tool_performance;hydration_and_moisture;packaging_and_dispensing;scent_and_flavor;texture_and_skin_finish,2025-01-24T21:41:58+00:00,alternative,Rhode,none_explicit,unstated,Rhode,none_explicit,captured comment count 14 exceeds the source-declared count 13; completeness is unknown,D4,"no explicit purchase, retention, recommendation, or abandonment act in the raw body; the row records a comparison only"
718,S2,1i964e8,m8zsc53,https://www.reddit.com/r/rhodeskin/comments/1i964e8/rhode_vs_summer_fridays/,wear_and_longevity,2025-01-24T22:34:21+00:00,alternative,Rhode,none_explicit,unstated,Rhode,none_explicit,captured comment count 14 exceeds the source-declared count 13; completeness is unknown,D4,"no explicit purchase, retention, recommendation, or abandonment act in the raw body; the row records a comparison only"
725,S2,1imqp7o,mc6a69c,https://old.reddit.com/r/SkincareAddictionLux/comments/1imqp7o/i_regret_to_inform_you_that_this_is_really_good/,hydration_and_moisture,2025-02-11T12:46:46+00:00,alternative,Glossier,none_explicit,unstated,Glossier,none_explicit,,D4,"no explicit purchase, retention, recommendation, or abandonment act in the raw body; the row records a comparison only"
726,S1,1in2peb,mccs6dp,https://www.reddit.com/r/Sephora/comments/1in2peb/moisture/,hydration_and_moisture,2025-02-12T12:28:11+00:00,subject,,recommended_or_would_purchase,subject,,recommended_or_would_purchase,thread declares 23 comments; 22 captured (1 not captured),clean,I highly highly recommend the Skin Fix moisturizer or the Summer Fridays Jet Lag Mask
730,S2,1iozr04,mcnur0u,https://www.reddit.com/r/MakeupAddiction/comments/1iozr04/is_the_summer_fridays_lip_butter_balm_worth_it/,value_and_quantity,2025-02-14T02:07:56+00:00,alternative,Lanolips,rejected_or_not_recommended,neither,Lanolips,rejected_or_not_recommended,,D2,"not worth it at all, save your money and buy lanolips"
733,S2,1iozr04,mco0hfa,https://www.reddit.com/r/MakeupAddiction/comments/1iozr04/is_the_summer_fridays_lip_butter_balm_worth_it/,hydration_and_moisture,2025-02-14T02:42:02+00:00,alternative,Glossier,switched_or_replaced,subject,Glossier,switched_or_replaced,,D2,I tried out/switched to summer Fridays lip butter in an attempt to find a replacement for balm dot com
739,S2,1iuiz6f,mdz6tfy,https://old.reddit.com/r/Sephora/comments/1iuiz6f/which_is_your_favorite_lip_balmoil/,hydration_and_moisture;scent_and_flavor;texture_and_skin_finish;wear_and_longevity,2025-02-21T12:26:01+00:00,alternative,Dior,none_explicit,unstated,Dior,none_explicit,,D4,"no explicit purchase, retention, recommendation, or abandonment act in the raw body; the row records a comparison only"
742,S2,1j2ep6v,mfr8lcs,https://www.reddit.com/r/MakeupAddiction/comments/1j2ep6v/deinfluence_my_wishlist/,scent_and_flavor,2025-03-03T09:38:00+00:00,alternative,Aquaphor,none_explicit,unstated,Aquaphor,none_explicit,captured comment count 247 exceeds the source-declared count 244; completeness is unknown,D4,"no explicit purchase, retention, recommendation, or abandonment act in the raw body; the row records a comparison only"
747,S2,1j2ep6v,mfzwsmn,https://www.reddit.com/r/MakeupAddiction/comments/1j2ep6v/deinfluence_my_wishlist/,texture_and_skin_finish,2025-03-04T17:48:51+00:00,alternative,Armani,none_explicit,unstated,Armani,none_explicit,captured comment count 247 exceeds the source-declared count 244; completeness is unknown,D4,"no explicit purchase, retention, recommendation, or abandonment act in the raw body; the row records a comparison only"
748,S2,1j3ne46,mg1rrww,https://www.reddit.com/r/rhodeskin/comments/1j3ne46/rhode_or_summer_fridays/,scent_and_flavor,2025-03-04T23:01:46+00:00,alternative,Rhode,none_explicit,unstated,Rhode,none_explicit,thread declares 47 comments; 46 captured (1 not captured),D4,"no explicit purchase, retention, recommendation, or abandonment act in the raw body; the row records a comparison only"
749,S2,1j3ne46,mg1v5l1,https://www.reddit.com/r/rhodeskin/comments/1j3ne46/rhode_or_summer_fridays/,texture_and_skin_finish,2025-03-04T23:19:18+00:00,alternative,Rhode,none_explicit,unstated,Rhode,none_explicit,thread declares 47 comments; 46 captured (1 not captured),D4,"no explicit purchase, retention, recommendation, or abandonment act in the raw body; the row records a comparison only"
750,S2,1j3ne46,mg2nnux,https://www.reddit.com/r/rhodeskin/comments/1j3ne46/rhode_or_summer_fridays/,hydration_and_moisture;packaging_and_dispensing,2025-03-05T01:53:04+00:00,alternative,Rhode,switched_or_replaced,alternative,Rhode,switched_or_replaced,thread declares 47 comments; 46 captured (1 not captured),clean,"switched to using that one consistently instead of rhode, only to switch right back to rhode"
752,S2,1j3ne46,mg4yokm,https://www.reddit.com/r/rhodeskin/comments/1j3ne46/rhode_or_summer_fridays/,wear_and_longevity,2025-03-05T12:43:35+00:00,alternative,Ole Henriksen,none_explicit,unstated,Ole Henriksen,none_explicit,thread declares 47 comments; 46 captured (1 not captured),D4,"no explicit purchase, retention, recommendation, or abandonment act in the raw body; the row records a comparison only"
755,S2,1j6xhqb,mgsi6qw,https://old.reddit.com/r/Sephora/comments/1j6xhqb/are_you_a_summer_fridays_or_laneige_person/,reaction_and_breakout,2025-03-09T02:56:08+00:00,alternative,Laneige,none_explicit,unstated,Laneige,none_explicit,,D4,"no explicit purchase, retention, recommendation, or abandonment act in the raw body; the row records a comparison only"
756,S2,1j6xhqb,mgsnthx,https://old.reddit.com/r/Sephora/comments/1j6xhqb/are_you_a_summer_fridays_or_laneige_person/,packaging_and_dispensing;texture_and_skin_finish,2025-03-09T03:31:53+00:00,alternative,Laneige,none_explicit,unstated,Laneige,none_explicit,,D4,"no explicit purchase, retention, recommendation, or abandonment act in the raw body; the row records a comparison only"
758,S2,1j6xhqb,mgvbqvq,https://old.reddit.com/r/Sephora/comments/1j6xhqb/are_you_a_summer_fridays_or_laneige_person/,hydration_and_moisture;value_and_quantity,2025-03-09T16:06:18+00:00,alternative,Laneige,no_future_purchase,alternative,Laneige,no_future_purchase,,clean,i prefer the feel and wear of laneige but wont repurchase
759,S1,1j6xhqb,mgvtj4e,https://old.reddit.com/r/Sephora/comments/1j6xhqb/are_you_a_summer_fridays_or_laneige_person/,scent_and_flavor,2025-03-09T17:36:10+00:00,subject,,recommended_or_would_purchase,alternative,Lanolips,recommended_or_would_purchase,,D2,I would recommend the coconutter 101 if I had to choose only one
763,S2,1j6xhqb,post,https://old.reddit.com/r/Sephora/comments/1j6xhqb/are_you_a_summer_fridays_or_laneige_person/,hype_originality_and_trust,2025-03-09T02:26:19+00:00,alternative,Laneige,none_explicit,unstated,Laneige,none_explicit,,D4,"no explicit purchase, retention, recommendation, or abandonment act in the raw body; the row records a comparison only"
776,S2,1jge75k,mizctf9,https://old.reddit.com/r/MakeupRehab/comments/1jge75k/10_by_summer_into/,scent_and_flavor,2025-03-21T14:45:24+00:00,alternative,Rhode,none_explicit,unstated,Rhode,none_explicit,,D4,"no explicit purchase, retention, recommendation, or abandonment act in the raw body; the row records a comparison only"
779,S2,1jmt7ko,mkfhobf,https://www.reddit.com/r/SkincareAddictionLux/comments/1jmt7ko/best_lip_balmmask/,hydration_and_moisture;scent_and_flavor;wear_and_longevity,2025-03-29T22:47:25+00:00,alternative,Aquaphor,none_explicit,unstated,Aquaphor,none_explicit,,D4,"no explicit purchase, retention, recommendation, or abandonment act in the raw body; the row records a comparison only"
783,S1,1jqoybz,ml8vns8,https://old.reddit.com/r/Sephora/comments/1jqoybz/actual_skin_tints/,texture_and_skin_finish,2025-04-03T18:47:15+00:00,subject,,recommended_or_would_purchase,unstated,,none_explicit,,D1,Summer Fridays is gorgeous ... I would maybe avoid it or patch test it.
794,S2,1k11yq2,mniszeb,https://old.reddit.com/r/Sephora/comments/1k11yq2/laneige_vs_summer_fridays_which_is_better/,hype_originality_and_trust,2025-04-17T02:49:43+00:00,alternative,Laneige,none_explicit,alternative,Ole Henriksen,switched_or_replaced,,D2,I recently switched my SF out for the Ole and been happy.
795,S2,1k11yq2,mnizrjs,https://old.reddit.com/r/Sephora/comments/1k11yq2/laneige_vs_summer_fridays_which_is_better/,shade_and_color_fit,2025-04-17T03:35:35+00:00,alternative,Ole Henriksen,none_explicit,unstated,Ole Henriksen,none_explicit,,D4,"no explicit purchase, retention, recommendation, or abandonment act in the raw body; the row records a comparison only"
796,S2,1k11yq2,mnjgqsl,https://old.reddit.com/r/Sephora/comments/1k11yq2/laneige_vs_summer_fridays_which_is_better/,hydration_and_moisture;packaging_and_dispensing;scent_and_flavor;texture_and_skin_finish,2025-04-17T05:54:38+00:00,alternative,Laneige,none_explicit,unstated,Laneige,none_explicit,,D4,"no explicit purchase, retention, recommendation, or abandonment act in the raw body; the row records a comparison only"
798,S2,1k1il40,mnurogs,https://old.reddit.com/r/ProjectPan/comments/1k1il40/favourite_lip_balm_empty/,hype_originality_and_trust,2025-04-19T00:55:57+00:00,alternative,Ole Henriksen,none_explicit,unstated,Ole Henriksen,none_explicit,,D4,"no explicit purchase, retention, recommendation, or abandonment act in the raw body; the row records a comparison only"
821,S2,1klb78y,ms1du6t,https://old.reddit.com/r/Sephora/comments/1klb78y/best_lip_balmtreatmentglossoil/,coverage_and_pigment;hydration_and_moisture,2025-05-13T04:25:20+00:00,alternative,Tower 28,none_explicit,unstated,Tower 28,none_explicit,,D4,"no explicit purchase, retention, recommendation, or abandonment act in the raw body; the row records a comparison only"
824,S2,1km0jms,ms6j1nd,https://old.reddit.com/r/Sephora/comments/1km0jms/lightweight_skin_tint_recs/,texture_and_skin_finish,2025-05-13T23:33:55+00:00,alternative,Hourglass,none_explicit,unstated,Hourglass,none_explicit,,D4,"no explicit purchase, retention, recommendation, or abandonment act in the raw body; the row records a comparison only"
832,S2,1kq0492,mt2uibs,https://old.reddit.com/r/Sephora/comments/1kq0492/,coverage_and_pigment;hydration_and_moisture;scent_and_flavor;shade_and_color_fit;value_and_quantity,2025-05-19T05:59:18+00:00,alternative,Elf,none_explicit,unstated,Elf,none_explicit,,D4,"no explicit purchase, retention, recommendation, or abandonment act in the raw body; the row records a comparison only"
833,S1,1kq0492,mt3wk72,https://old.reddit.com/r/Sephora/comments/1kq0492/,application_and_tool_performance;packaging_and_dispensing;texture_and_skin_finish,2025-05-19T12:02:35+00:00,subject,,retained_or_repurchased,subject,,retained_or_repurchased,,clean,Have gotten compliments when wearing/using both and would repurchase
834,S2,1kq0492,mt4gqnh,https://old.reddit.com/r/Sephora/comments/1kq0492/,hype_originality_and_trust,2025-05-19T14:06:08+00:00,alternative,Elf,none_explicit,unstated,Elf,none_explicit,,D4,"no explicit purchase, retention, recommendation, or abandonment act in the raw body; the row records a comparison only"
838,S2,1kqg230,mt6o2i6,https://www.reddit.com/r/newinbeauty/comments/1kqg230/summer_fridays_pink_guava_lip_butter_balm/,hydration_and_moisture,2025-05-19T20:39:19+00:00,alternative,Ole Henriksen,none_explicit,unstated,Ole Henriksen,none_explicit,captured comment count 40 exceeds the source-declared count 39; completeness is unknown,D4,"no explicit purchase, retention, recommendation, or abandonment act in the raw body; the row records a comparison only"
843,S2,1ktoo8j,mwcvffv,https://old.reddit.com/r/drugstoreMUA/comments/1ktoo8j/review_elf_glow_reviver_melting_lip_balm/,texture_and_skin_finish,2025-06-06T18:06:25+00:00,alternative,Elf,none_explicit,unstated,Elf,none_explicit,,D4,"no explicit purchase, retention, recommendation, or abandonment act in the raw body; the row records a comparison only"
845,S2,1kup12q,mu4bdm6,https://old.reddit.com/r/Sephora/comments/1kup12q/new_lip_products_on_the_market/,hydration_and_moisture;scent_and_flavor;texture_and_skin_finish,2025-05-25T04:07:06+00:00,alternative,Ole Henriksen,none_explicit,unstated,Ole Henriksen,none_explicit,,D4,"no explicit purchase, retention, recommendation, or abandonment act in the raw body; the row records a comparison only"
847,S3,1kuutuf,mu6hwrm,https://www.reddit.com/r/Sephora/comments/1kuutuf/skin_tint_recommendations/,coverage_and_pigment,2025-05-25T14:53:15+00:00,neither,,returned_or_refunded,neither,,returned_or_refunded,thread declares 147 comments; 132 captured (15 not captured),clean,Bought and returned the summer fridays one because it was just too sheer
864,S3,1lsp3sz,n2bgctj,https://old.reddit.com/r/Sephora/comments/1lsp3sz/is_the_summer_fridays_sunscreen_too_good_to_be/,reaction_and_breakout,2025-07-10T06:11:50+00:00,neither,,stopped_or_discarded,neither,,stopped_or_discarded,,clean,the rash went away once I stopped using this
875,S1,1m07jmq,n39a3wi,https://old.reddit.com/r/Sephora/comments/1m07jmq/summer_fridays_lip_balm/,hydration_and_moisture;hype_originality_and_trust;value_and_quantity,2025-07-15T13:26:35+00:00,subject,,retained_or_repurchased,subject,,retained_or_repurchased,,clean,I love them and totally worth the hype ... I would buy again
876,S2,1m07jmq,n39dccm,https://old.reddit.com/r/Sephora/comments/1m07jmq/summer_fridays_lip_balm/,scent_and_flavor;texture_and_skin_finish,2025-07-15T13:43:38+00:00,alternative,Laneige,returned_or_refunded,alternative,Ole Henriksen,returned_or_refunded,,D5,"Olehenriksen, I returned it after the first use"
879,S3,1m460nd,n463ypo,https://old.reddit.com/r/CanSkincare/comments/1m460nd/dupes_for_the_summer_fridays_sunscreen/,hype_originality_and_trust;texture_and_skin_finish;value_and_quantity,2025-07-20T14:18:34+00:00,neither,,switched_or_replaced,alternative,Etude House,switched_or_replaced,,D2,I used Summer Fridays for over 2 years but switched ... I am currently testing Etude House Sunprise
881,S2,1m5ymjw,n4fz7g1,https://www.reddit.com/r/Sephora/comments/1m5ymjw/favourite_tinted_moisturizers/,coverage_and_pigment,2025-07-22T00:50:53+00:00,alternative,Saie,none_explicit,unstated,Saie,none_explicit,thread declares 81 comments; 76 captured (5 not captured),D4,"no explicit purchase, retention, recommendation, or abandonment act in the raw body; the row records a comparison only"
886,S2,1mbd2za,n5lbusk,https://old.reddit.com/r/glossier/comments/1mbd2za/making_the_switch_to_lanolips/,coverage_and_pigment,2025-07-28T11:43:19+00:00,alternative,Lanolips,none_explicit,unstated,Lanolips,none_explicit,,D4,"no explicit purchase, retention, recommendation, or abandonment act in the raw body; the row records a comparison only"
887,S2,1mbd2za,n5luzrn,https://old.reddit.com/r/glossier/comments/1mbd2za/making_the_switch_to_lanolips/,texture_and_skin_finish,2025-07-28T13:40:18+00:00,alternative,Laneige,none_explicit,unstated,Laneige,none_explicit,,D4,"no explicit purchase, retention, recommendation, or abandonment act in the raw body; the row records a comparison only"
890,S2,1meq79x,n6m51aw,https://old.reddit.com/r/MakeupRehab/comments/1meq79x/10_by_autumn_update_3/,hydration_and_moisture;scent_and_flavor,2025-08-03T00:23:38+00:00,alternative,Rare Beauty,none_explicit,subject,Rare Beauty,retained_or_repurchased,,D2,Summer Fridays Lip Butter Balm Pink Guava ... Love this and will continue buying flavors as I finish them.
894,S3,1mns8tt,n8b38ta,https://old.reddit.com/r/RhodeNotRude/comments/1mns8tt/summer_fridays_formula_consistency/,scent_and_flavor,2025-08-12T15:55:39+00:00,neither,,no_future_purchase,neither,,no_future_purchase,,clean,i liked the sweet mint one ... but i'll never buy it again
896,S2,1mns8tt,post,https://old.reddit.com/r/RhodeNotRude/comments/1mns8tt/summer_fridays_formula_consistency/,texture_and_skin_finish,2025-08-11T23:07:03+00:00,alternative,Ole Henriksen,stopped_or_discarded,unstated,Ole Henriksen,none_explicit,,D1,she described Rhode as 'much thinner' than Summer Fridays. I had to stop watching.
898,S2,1mzokbt,post,https://old.reddit.com/r/beauty/comments/1mzokbt/dry_flaky_burning_lips_after_using_summer_fridays/,hydration_and_moisture;reaction_and_breakout,2025-08-25T12:02:02+00:00,alternative,Vaseline,stopped_or_discarded,neither,Vaseline,stopped_or_discarded,,D2,I started using summer Fridays mint lip balm ... I stopped using it within a few weeks
899,S2,1n2g73w,nb5ycre,https://www.reddit.com/r/Sephora/comments/1n2g73w/best_lip_balms/,hydration_and_moisture;texture_and_skin_finish,2025-08-28T17:09:30+00:00,alternative,Ole Henriksen,none_explicit,unstated,Ole Henriksen,none_explicit,thread declares 123 comments; 106 captured (17 not captured),D4,"no explicit purchase, retention, recommendation, or abandonment act in the raw body; the row records a comparison only"
906,S2,1nhojda,nedod6t,https://old.reddit.com/r/Sephora/comments/1nhojda/rhode_is_overrated_influence_me/,texture_and_skin_finish,2025-09-15T17:25:41+00:00,alternative,Elf,none_explicit,subject,Elf,retained_or_repurchased,,D2,im gonna stick to my ole and summer fridays ... for my restocks
908,S2,1nl02jk,post,https://www.reddit.com/r/ProjectPan/comments/1nl02jk/my_summer_lip_mask_balm_empties/,scent_and_flavor;texture_and_skin_finish,2025-09-19T10:38:06+00:00,alternative,Laneige,none_explicit,unstated,Laneige,none_explicit,,D4,"no explicit purchase, retention, recommendation, or abandonment act in the raw body; the row records a comparison only"
911,S1,1nm5fq8,nfbh2bz,https://www.reddit.com/r/newinbeauty/comments/1nm5fq8/summer_fridays_holiday_2025_sets_includes_new/,scent_and_flavor,2025-09-20T21:51:53+00:00,subject,,retained_or_repurchased,unstated,,none_explicit,thread declares 28 comments; 27 captured (1 not captured),D1,I'm glad I haven't bought a repurchase of sweet mint and vanilla beige
913,S2,1nr7jxv,ngcm6wt,https://old.reddit.com/r/Sephora/comments/1nr7jxv/help_a_girl_out_which_lip_formula_reigns_supreme/,texture_and_skin_finish;wear_and_longevity,2025-09-26T18:27:27+00:00,alternative,Ole Henriksen,none_explicit,unstated,Ole Henriksen,none_explicit,,D4,"no explicit purchase, retention, recommendation, or abandonment act in the raw body; the row records a comparison only"
917,S3,1nsazs5,ngmygh3,https://www.reddit.com/r/Sephora/comments/1nsazs5/summer_fridays_holiday_set/,scent_and_flavor;value_and_quantity,2025-09-28T12:15:43+00:00,neither,,returned_or_refunded,neither,,returned_or_refunded,thread declares 34 comments; 30 captured (4 not captured),clean,I returned mine. The Toasted Marshmallow had a weird chemical smell
921,S2,1ntik4i,ngtvhoh,https://old.reddit.com/r/Sephora/comments/1ntik4i/,texture_and_skin_finish,2025-09-29T14:03:37+00:00,alternative,Laneige,none_explicit,unstated,Laneige,none_explicit,,D4,"no explicit purchase, retention, recommendation, or abandonment act in the raw body; the row records a comparison only"
933,S2,1o4gnom,nj5qec7,https://www.reddit.com/r/MakeupAddiction/comments/1o4gnom/need_help_building_a_no_pill_routine_for_am/,hydration_and_moisture;texture_and_skin_finish,2025-10-12T20:08:58+00:00,alternative,Clinique,none_explicit,unstated,Clinique,none_explicit,thread declares 9 comments; 8 captured (1 not captured),D4,"no explicit purchase, retention, recommendation, or abandonment act in the raw body; the row records a comparison only"
936,S2,1oatxkp,nkbzj93,https://old.reddit.com/r/Sephora/comments/1oatxkp/has_anyone_tried_the_summer_fridays_holiday_trio/,hydration_and_moisture;scent_and_flavor,2025-10-19T16:46:21+00:00,alternative,Ole Henriksen,none_explicit,unstated,Ole Henriksen,none_explicit,,D4,"no explicit purchase, retention, recommendation, or abandonment act in the raw body; the row records a comparison only"
942,S2,1oh26y0,nlmv05k,https://old.reddit.com/r/Sephora/comments/1oh26y0/review_finally_got_around_to_trying_summer/,value_and_quantity,2025-10-27T11:57:35+00:00,alternative,Glossier,none_explicit,neither,Glossier,no_future_purchase,,D2,"I like the SF balm and just panned one, I just won't pay $25+ for lip balm."
943,S2,1oh26y0,nlnq2zt,https://old.reddit.com/r/Sephora/comments/1oh26y0/review_finally_got_around_to_trying_summer/,texture_and_skin_finish,2025-10-27T14:56:58+00:00,alternative,Laneige,returned_or_refunded,alternative,Eadem,returned_or_refunded,,D5,I also tried EADEM lip treatments and absolutely hated them ... Returned them within days.
944,S2,1oh26y0,nlnqqs1,https://old.reddit.com/r/Sephora/comments/1oh26y0/review_finally_got_around_to_trying_summer/,hydration_and_moisture;scent_and_flavor,2025-10-27T15:00:14+00:00,alternative,Rhode,none_explicit,unstated,Rhode,none_explicit,,D4,"no explicit purchase, retention, recommendation, or abandonment act in the raw body; the row records a comparison only"
948,S1,1oi0dnd,nls2ifm,https://www.reddit.com/r/Sephora/comments/1oi0dnd/which_lip_balm_actually_nourishes_your_lips/,hydration_and_moisture,2025-10-28T05:16:18+00:00,subject,,recommended_or_would_purchase,alternative,Ole Henriksen,recommended_or_would_purchase,thread declares 117 comments; 97 captured (20 not captured),D2,Would definitely recommend ole henrickson over summer fridays
955,S2,1ot2sna,no1wsnd,https://old.reddit.com/r/Sephora/comments/1ot2sna/what_have_you_bought_from_the_sale_and/,coverage_and_pigment;shade_and_color_fit,2025-11-10T04:03:21+00:00,alternative,Kosas,returned_or_refunded,alternative,Kosas,switched_or_replaced,,D6,I also swapped the Summer Fridays Skin Tint with the Kosas BB Cream and I like it
956,S2,1ot2sna,no3jvb4,https://old.reddit.com/r/Sephora/comments/1ot2sna/what_have_you_bought_from_the_sale_and/,texture_and_skin_finish,2025-11-10T12:52:49+00:00,alternative,Ole Henriksen,none_explicit,unstated,Ole Henriksen,none_explicit,,D4,"no explicit purchase, retention, recommendation, or abandonment act in the raw body; the row records a comparison only"
957,S2,1ougkua,nobp65w,https://old.reddit.com/r/Sephora/comments/1ougkua/please_help_list_your_top_5_lip_balms/,texture_and_skin_finish;wear_and_longevity,2025-11-11T18:42:37+00:00,alternative,Laneige,none_explicit,unstated,Laneige,none_explicit,,D4,"no explicit purchase, retention, recommendation, or abandonment act in the raw body; the row records a comparison only"
960,S2,1ougkua,nod3nek,https://old.reddit.com/r/Sephora/comments/1ougkua/please_help_list_your_top_5_lip_balms/,hydration_and_moisture;reaction_and_breakout,2025-11-11T23:02:55+00:00,alternative,Laneige,none_explicit,neither,Laneige,rejected_or_not_recommended,,D2,The Summer Fridays butter balm made my lips irritated ... so cannot recommend those.
966,S2,1ox7f7t,now7qow,https://old.reddit.com/r/Sephora/comments/1ox7f7t/help_me_out_why_does_this_sub_love_olehenriksen/,hydration_and_moisture,2025-11-14T23:34:12+00:00,alternative,Aquaphor,none_explicit,unstated,Aquaphor,none_explicit,,D4,"no explicit purchase, retention, recommendation, or abandonment act in the raw body; the row records a comparison only"
969,S1,1p7si2m,nr0c539,https://www.reddit.com/r/Sephora/comments/1p7si2m/summer_fridays_vs_laneige_lip_balms/,hype_originality_and_trust,2025-11-27T05:36:47+00:00,subject,,retained_or_repurchased,neither,,no_future_purchase,thread declares 24 comments; 22 captured (2 not captured),D3,I was gifted a tube and am currently using it. I will never repurchase.
972,S2,1p7si2m,nr4vg3q,https://www.reddit.com/r/Sephora/comments/1p7si2m/summer_fridays_vs_laneige_lip_balms/,coverage_and_pigment;formula_consistency_and_change;hydration_and_moisture;reaction_and_breakout;texture_and_skin_finish,2025-11-27T23:49:12+00:00,alternative,Laneige,none_explicit,unstated,Laneige,none_explicit,thread declares 24 comments; 22 captured (2 not captured),D4,"no explicit purchase, retention, recommendation, or abandonment act in the raw body; the row records a comparison only"
973,S2,1p7si2m,nrabn4r,https://www.reddit.com/r/Sephora/comments/1p7si2m/summer_fridays_vs_laneige_lip_balms/,application_and_tool_performance,2025-11-28T22:15:09+00:00,alternative,Rhode,none_explicit,unstated,Rhode,none_explicit,thread declares 24 comments; 22 captured (2 not captured),D4,"no explicit purchase, retention, recommendation, or abandonment act in the raw body; the row records a comparison only"
980,S2,1pmuzmn,nu3kfta,https://old.reddit.com/r/ProjectPan/comments/1pmuzmn/2025_lip_update/,scent_and_flavor,2025-12-15T03:47:24+00:00,alternative,Laneige,none_explicit,unstated,Laneige,none_explicit,,D4,"no explicit purchase, retention, recommendation, or abandonment act in the raw body; the row records a comparison only"
981,S3,1pneo7v,nu7c5g2,https://old.reddit.com/r/Sephora/comments/1pneo7v/i_cant_stand_the_summer_fridays_lip_balm/,hype_originality_and_trust,2025-12-15T19:04:26+00:00,neither,,returned_or_refunded,alternative,Ole Henriksen,switched_or_replaced,,D2,I got rid of the SF and now only buy Ole
985,S2,1pneo7v,post,https://old.reddit.com/r/Sephora/comments/1pneo7v/i_cant_stand_the_summer_fridays_lip_balm/,formula_consistency_and_change;hydration_and_moisture;scent_and_flavor;shade_and_color_fit;texture_and_skin_finish;value_and_quantity,2025-12-15T18:17:52+00:00,alternative,Laneige,stopped_or_discarded,unstated,Laneige,none_explicit,,D1,I stopped using other lip balms just to test a hypothesis
998,S2,1pysv33,nwoi2gw,https://www.reddit.com/r/Sephora/comments/1pysv33/thoughts_on_the_summer_fridays_holiday_trio/,scent_and_flavor,2025-12-30T05:05:45+00:00,alternative,Laneige,none_explicit,unstated,Laneige,none_explicit,,D4,"no explicit purchase, retention, recommendation, or abandonment act in the raw body; the row records a comparison only"
1000,S1,1pysv33,post,https://www.reddit.com/r/Sephora/comments/1pysv33/thoughts_on_the_summer_fridays_holiday_trio/,hydration_and_moisture,2025-12-29T17:48:22+00:00,subject,,retained_or_repurchased,unstated,,none_explicit,,D1,would you repurchase any of them full size?
1004,S2,1q1rcr0,nxdycg6,https://old.reddit.com/r/AustralianMakeup/comments/1q1rcr0/whats_a_viralpopular_makeup_product_that_failed/,texture_and_skin_finish,2026-01-03T05:08:13+00:00,alternative,Laneige,none_explicit,unstated,Laneige,none_explicit,,D4,"no explicit purchase, retention, recommendation, or abandonment act in the raw body; the row records a comparison only"
1025,S3,1qky3fm,ohvsdub,https://old.reddit.com/r/FabFitFun/comments/1qky3fm/summer_fridays_spf_avoid/,formula_consistency_and_change;value_and_quantity,2026-04-23T19:55:37+00:00,neither,,rejected_or_not_recommended,neither,,rejected_or_not_recommended,,clean,I never react to anything so I do not recommend for anyone.
1029,S2,1qxm1tz,o3xgup5,https://old.reddit.com/r/Sephora/comments/1qxm1tz/which_lip_balm_is_best_for_everyday_hydration/,packaging_and_dispensing,2026-02-06T16:50:20+00:00,alternative,Laneige,none_explicit,unstated,Laneige,none_explicit,,D4,"no explicit purchase, retention, recommendation, or abandonment act in the raw body; the row records a comparison only"
1030,S2,1qxm1tz,o3xios8,https://old.reddit.com/r/Sephora/comments/1qxm1tz/which_lip_balm_is_best_for_everyday_hydration/,wear_and_longevity,2026-02-06T16:58:57+00:00,alternative,Tatcha,none_explicit,unstated,Tatcha,none_explicit,,D4,"no explicit purchase, retention, recommendation, or abandonment act in the raw body; the row records a comparison only"
1031,S2,1qxm1tz,o3xko68,https://old.reddit.com/r/Sephora/comments/1qxm1tz/which_lip_balm_is_best_for_everyday_hydration/,formula_consistency_and_change;hydration_and_moisture;reaction_and_breakout;texture_and_skin_finish,2026-02-06T17:08:22+00:00,alternative,Laneige,none_explicit,unstated,Laneige,none_explicit,,D4,"no explicit purchase, retention, recommendation, or abandonment act in the raw body; the row records a comparison only"
1032,S2,1qxm1tz,o3xnfev,https://old.reddit.com/r/Sephora/comments/1qxm1tz/which_lip_balm_is_best_for_everyday_hydration/,hype_originality_and_trust;value_and_quantity,2026-02-06T17:21:34+00:00,alternative,Laneige,none_explicit,unstated,Laneige,none_explicit,,D4,"no explicit purchase, retention, recommendation, or abandonment act in the raw body; the row records a comparison only"
1033,S2,1qxm1tz,o3y800p,https://old.reddit.com/r/Sephora/comments/1qxm1tz/which_lip_balm_is_best_for_everyday_hydration/,scent_and_flavor,2026-02-06T18:59:14+00:00,alternative,Laneige,none_explicit,unstated,Laneige,none_explicit,,D4,"no explicit purchase, retention, recommendation, or abandonment act in the raw body; the row records a comparison only"
1040,S2,1qxpiwg,post,https://old.reddit.com/r/LipBalm/comments/1qxpiwg/new_summer_fridays_lip_butter_balm/,hydration_and_moisture;scent_and_flavor,2026-02-06T18:23:19+00:00,alternative,Laneige,none_explicit,unstated,Laneige,none_explicit,,D4,"no explicit purchase, retention, recommendation, or abandonment act in the raw body; the row records a comparison only"
1048,S1,1r09924,o4h7wba,https://old.reddit.com/r/LipBalm/comments/1r09924/ole_v_summer_fridays/,hydration_and_moisture;reaction_and_breakout;texture_and_skin_finish;wear_and_longevity,2026-02-09T18:44:01+00:00,subject,Ole Henriksen,retained_or_repurchased,alternative,Ole Henriksen,switched_or_replaced,,D2,Recommend and will repurchase ... NEVER AGAIN! ... Stick to Ole Henriksen
1050,S2,1r09924,o4io8fd,https://old.reddit.com/r/LipBalm/comments/1r09924/ole_v_summer_fridays/,value_and_quantity,2026-02-09T23:04:27+00:00,alternative,Aquaphor,none_explicit,unstated,Aquaphor,none_explicit,,D4,"no explicit purchase, retention, recommendation, or abandonment act in the raw body; the row records a comparison only"
1066,S2,1r4uqwj,o5rnr8n,https://old.reddit.com/r/MakeupAddiction/comments/1r4uqwj/sheer_to_light_my_skin_but_better_skin_tints_for/,coverage_and_pigment,2026-02-16T22:49:19+00:00,alternative,Hourglass,none_explicit,subject,Hourglass,switched_or_replaced,,D2,yesterday I bought the Summer Fridays sheer skin tint and it's a GREAT replacement!!
1068,S2,1r6fdwk,o5xbd9g,https://old.reddit.com/r/ProjectPan/comments/1r6fdwk/lessons_learned/,hype_originality_and_trust,2026-02-17T20:09:34+00:00,alternative,Elf,none_explicit,unstated,Elf,none_explicit,,D4,"no explicit purchase, retention, recommendation, or abandonment act in the raw body; the row records a comparison only"
1071,S2,1r8e2rk,o65c561,https://old.reddit.com/r/summerfridays/comments/1r8e2rk/can_you_give_me_your_honest_opinion_on_summer/,coverage_and_pigment;formula_consistency_and_change,2026-02-18T23:28:18+00:00,alternative,Glossier,none_explicit,unstated,Glossier,none_explicit,,D4,"no explicit purchase, retention, recommendation, or abandonment act in the raw body; the row records a comparison only"
1072,S2,1r8e2rk,o66bivh,https://old.reddit.com/r/summerfridays/comments/1r8e2rk/can_you_give_me_your_honest_opinion_on_summer/,hydration_and_moisture;scent_and_flavor;texture_and_skin_finish;wear_and_longevity,2026-02-19T02:49:45+00:00,alternative,Rhode,none_explicit,unstated,Rhode,none_explicit,,D4,"no explicit purchase, retention, recommendation, or abandonment act in the raw body; the row records a comparison only"
1074,S1,1r8e2rk,o6rp41c,https://old.reddit.com/r/summerfridays/comments/1r8e2rk/can_you_give_me_your_honest_opinion_on_summer/,application_and_tool_performance,2026-02-22T13:38:01+00:00,subject,,retained_or_repurchased,subject,,retained_or_repurchased,,clean,I will only repurchase sweet mint
1075,S2,1r8e2yu,o6jarhh,https://www.reddit.com/r/LipBalm/comments/1r8e2yu/can_you_give_me_your_honest_opinion_on_summer/,hydration_and_moisture;scent_and_flavor,2026-02-21T02:24:06+00:00,alternative,Laneige,none_explicit,unstated,Laneige,none_explicit,thread declares 23 comments; 21 captured (2 not captured),D4,"no explicit purchase, retention, recommendation, or abandonment act in the raw body; the row records a comparison only"
1078,S2,1r8e2yu,o860dlh,https://www.reddit.com/r/LipBalm/comments/1r8e2yu/can_you_give_me_your_honest_opinion_on_summer/,texture_and_skin_finish;value_and_quantity,2026-03-02T03:03:13+00:00,alternative,Rhode,none_explicit,unstated,Rhode,none_explicit,thread declares 23 comments; 21 captured (2 not captured),D4,"no explicit purchase, retention, recommendation, or abandonment act in the raw body; the row records a comparison only"
1081,S2,1r9vw38,o6g7v2p,https://old.reddit.com/r/MakeupAddiction/comments/1r9vw38/summer_fridays_vs_ole_henriksen/,hydration_and_moisture;texture_and_skin_finish,2026-02-20T16:50:03+00:00,alternative,Laneige,none_explicit,unstated,Laneige,none_explicit,,D4,"no explicit purchase, retention, recommendation, or abandonment act in the raw body; the row records a comparison only"
1088,S2,1riigui,o8p00me,https://www.reddit.com/r/LipBalm/comments/1riigui/summer_fridays_and_summer_special/,hydration_and_moisture,2026-03-05T00:28:33+00:00,alternative,Ole Henriksen,none_explicit,unstated,Ole Henriksen,none_explicit,,D4,"no explicit purchase, retention, recommendation, or abandonment act in the raw body; the row records a comparison only"
1096,S2,1rk7azd,o8ilhju,https://old.reddit.com/r/Sephora/comments/1rk7azd/whats_the_best_summer_fridays_lip_balm/,hydration_and_moisture;value_and_quantity,2026-03-04T01:20:21+00:00,alternative,Ole Henriksen,none_explicit,unstated,Ole Henriksen,none_explicit,,D4,"no explicit purchase, retention, recommendation, or abandonment act in the raw body; the row records a comparison only"
1098,S2,1rk7azd,o8jrr7a,https://old.reddit.com/r/Sephora/comments/1rk7azd/whats_the_best_summer_fridays_lip_balm/,scent_and_flavor,2026-03-04T05:53:33+00:00,alternative,Laneige,none_explicit,unstated,Laneige,none_explicit,,D4,"no explicit purchase, retention, recommendation, or abandonment act in the raw body; the row records a comparison only"
1104,S2,1rw0pg9,oax5sd6,https://old.reddit.com/r/MakeupAddiction/comments/1rw0pg9/whats_the_one_viral_product_you_bought_because_of/,texture_and_skin_finish,2026-03-17T12:39:24+00:00,alternative,Rhode,none_explicit,subject,Rhode,switched_or_replaced,,D2,I switched to rhode and it just doesn't compare I have to go back
1105,S2,1rxtvlh,obc0vps,https://www.reddit.com/r/Sephora/comments/1rxtvlh/skin_tint_for_a_dry_girly/,coverage_and_pigment;hydration_and_moisture,2026-03-19T16:56:31+00:00,alternative,Hourglass,none_explicit,unstated,Hourglass,none_explicit,thread declares 68 comments; 61 captured (7 not captured),D4,"no explicit purchase, retention, recommendation, or abandonment act in the raw body; the row records a comparison only"
1111,S3,1s3i00e,ochdudp,https://www.reddit.com/r/Sephora/comments/1s3i00e/please_deinfluence_me/,scent_and_flavor,2026-03-25T23:06:08+00:00,neither,,rejected_or_not_recommended,neither,,rejected_or_not_recommended,thread declares 376 comments; 337 captured (39 not captured),clean,Don't buy the Summer Fridays scent lol.
1112,S2,1s4ywh5,okqdm0q,https://old.reddit.com/r/Makeup/comments/1s4ywh5/best_skin_tint_that_is_sheer_natural_looking/,coverage_and_pigment;texture_and_skin_finish;value_and_quantity;wear_and_longevity,2026-05-08T23:28:11+00:00,alternative,Ilia,none_explicit,unstated,Ilia,none_explicit,,D4,"no explicit purchase, retention, recommendation, or abandonment act in the raw body; the row records a comparison only"
1114,S1,1s5ifz6,ocvmsp6,https://www.reddit.com/r/Sephora/comments/1s5ifz6/eadem_lip_balms_worth_it/,texture_and_skin_finish,2026-03-28T01:07:17+00:00,subject,,retained_or_repurchased,subject,,retained_or_repurchased,thread declares 60 comments; 55 captured (5 not captured),clean,i would repurchase the summer fridays for sure
1122,S1,1sahmci,odxxuca,https://old.reddit.com/r/Sephora/comments/1sahmci/summer_fridays_released_the_toasted_marshmallow/,formula_consistency_and_change,2026-04-02T19:44:35+00:00,subject,Ole Henriksen,retained_or_repurchased,subject,Ole Henriksen,retained_or_repurchased,,clean,I'll get this one
1126,S2,1sbv12x,oe6aziw,https://www.reddit.com/r/Sephora/comments/1sbv12x/which_is_better_for_drypeeling_skin/,hydration_and_moisture,2026-04-04T00:50:12+00:00,alternative,Laneige,none_explicit,unstated,Laneige,none_explicit,thread declares 55 comments; 48 captured (7 not captured),D4,"no explicit purchase, retention, recommendation, or abandonment act in the raw body; the row records a comparison only"
1130,S2,1sgal6d,of5wrog,https://www.reddit.com/r/Sephora/comments/1sgal6d/battle_of_the_shimmery_pink_lip_balm/,texture_and_skin_finish,2026-04-09T10:45:41+00:00,alternative,Ole Henriksen,none_explicit,unstated,Ole Henriksen,none_explicit,,D4,"no explicit purchase, retention, recommendation, or abandonment act in the raw body; the row records a comparison only"
1134,S3,1sj7lf3,ofps2di,https://www.reddit.com/r/MeccaBeautyLoop/comments/1sj7lf3/summer_fridays_spf_spray_worth_it_or_not/,wear_and_longevity,2026-04-12T08:07:54+00:00,neither,,no_future_purchase,alternative,Naked Sundays,no_future_purchase,,D2,"OP corrects the title: 'Naked Sundays was the band, made an error and can't edit the title'; the comment's 'probably won't repurchase' binds to that product"
1139,S2,1sl90oh,post,https://www.reddit.com/r/LipBalm/comments/1sl90oh/ruby_millie_dupes_vs_legit_summer_fridays/,hype_originality_and_trust;scent_and_flavor,2026-04-14T13:39:17+00:00,alternative,Rhode,none_explicit,unstated,Rhode,none_explicit,,D4,"no explicit purchase, retention, recommendation, or abandonment act in the raw body; the row records a comparison only"
1143,S1,1slrvyj,post,https://old.reddit.com/r/LipBalm/comments/1slrvyj/summer_fridays/,hydration_and_moisture;hype_originality_and_trust;texture_and_skin_finish,2026-04-15T01:27:42+00:00,subject,,retained_or_repurchased,neither,,no_future_purchase,,D3,I ran out of pink sugar again and don't even care to repurchase at this point.
1148,S2,1sptxrv,oi4kbsl,https://www.reddit.com/r/Sephora/comments/1sptxrv/is_the_sephora_skin_tint_good/,coverage_and_pigment,2026-04-25T02:04:33+00:00,alternative,Glossier,none_explicit,unstated,Glossier,none_explicit,thread declares 9 comments; 6 captured (3 not captured),D4,"no explicit purchase, retention, recommendation, or abandonment act in the raw body; the row records a comparison only"
1152,S1,1srjzrl,ohghqdu,https://old.reddit.com/r/Sephora/comments/1srjzrl/,hype_originality_and_trust;texture_and_skin_finish,2026-04-21T15:19:11+00:00,subject,Elf,recommended_or_would_purchase,alternative,Elf,recommended_or_would_purchase,,D2,"I've been solely using CT flawless filter (and every dupe, like the ELF and MCoBeauty). I can definitely recommend those"
1153,S2,1srjzrl,ohhszpt,https://old.reddit.com/r/Sephora/comments/1srjzrl/,application_and_tool_performance;coverage_and_pigment;hydration_and_moisture,2026-04-21T18:58:47+00:00,alternative,Glossier,none_explicit,unstated,Glossier,none_explicit,,D4,"no explicit purchase, retention, recommendation, or abandonment act in the raw body; the row records a comparison only"
1161,S2,1sw16j8,oihb2uq,https://old.reddit.com/r/Sephora/comments/1sw16j8/tell_me_about_the_westman_atelier_complexion/,application_and_tool_performance,2026-04-27T01:32:16+00:00,alternative,Glossier,none_explicit,unstated,Glossier,none_explicit,,D4,"no explicit purchase, retention, recommendation, or abandonment act in the raw body; the row records a comparison only"
1163,S2,1sw16j8,oihmu7j,https://old.reddit.com/r/Sephora/comments/1sw16j8/tell_me_about_the_westman_atelier_complexion/,coverage_and_pigment;texture_and_skin_finish,2026-04-27T02:44:45+00:00,alternative,Glossier,none_explicit,unstated,Glossier,none_explicit,,D4,"no explicit purchase, retention, recommendation, or abandonment act in the raw body; the row records a comparison only"
1164,S2,1swmuo2,oih78nd,https://www.reddit.com/r/Sephora/comments/1swmuo2/summer_fridays_vs_balm_dot_com_vs_topicals_salve/,coverage_and_pigment;packaging_and_dispensing;scent_and_flavor;shade_and_color_fit;texture_and_skin_finish;value_and_quantity;wear_and_longevity,2026-04-27T01:08:51+00:00,alternative,Rhode,none_explicit,unstated,Rhode,none_explicit,,D4,"no explicit purchase, retention, recommendation, or abandonment act in the raw body; the row records a comparison only"
1166,S2,1sxhnh9,oin1q7l,https://www.reddit.com/r/LipBalm/comments/1sxhnh9/lanolips_giving_summer_fridays_and_ole_henriksen/,application_and_tool_performance;coverage_and_pigment,2026-04-27T22:09:31+00:00,alternative,Lanolips,none_explicit,unstated,Lanolips,none_explicit,,D4,"no explicit purchase, retention, recommendation, or abandonment act in the raw body; the row records a comparison only"
1167,S2,1sxhnh9,oin57j3,https://www.reddit.com/r/LipBalm/comments/1sxhnh9/lanolips_giving_summer_fridays_and_ole_henriksen/,value_and_quantity,2026-04-27T22:28:47+00:00,alternative,Ole Henriksen,none_explicit,unstated,Ole Henriksen,none_explicit,,D4,"no explicit purchase, retention, recommendation, or abandonment act in the raw body; the row records a comparison only"
1170,S2,1szkvr3,oj3a5rj,https://old.reddit.com/r/LipBalm/comments/1szkvr3/myth_busting/,hydration_and_moisture,2026-04-30T07:24:33+00:00,alternative,Rhode,none_explicit,unstated,Rhode,none_explicit,,D4,"no explicit purchase, retention, recommendation, or abandonment act in the raw body; the row records a comparison only"
1188,S1,1tk5s11,on6l6jk,https://www.reddit.com/r/LipBalm/comments/1tk5s11/looking_for_opinions_my_thoughts_on_my_collection/,reaction_and_breakout,2026-05-22T03:41:50+00:00,subject,,recommended_or_would_purchase,alternative,Jack Black,recommended_or_would_purchase,thread declares 41 comments; 36 captured (5 not captured),D2,I would recommend Jack blacks mint
1191,S3,1tk5s11,on8ij9o,https://www.reddit.com/r/LipBalm/comments/1tk5s11/looking_for_opinions_my_thoughts_on_my_collection/,hydration_and_moisture;scent_and_flavor,2026-05-22T12:36:19+00:00,neither,,no_future_purchase,alternative,Ole Henriksen,no_future_purchase,thread declares 41 comments; 36 captured (5 not captured),D2,I also just tried the ole chillers too ... but I wouldn't repurchase them.
1193,S2,1tk5s11,orz4r7c,https://www.reddit.com/r/LipBalm/comments/1tk5s11/looking_for_opinions_my_thoughts_on_my_collection/,coverage_and_pigment,2026-06-16T12:48:07+00:00,alternative,Rhode,none_explicit,unstated,Rhode,none_explicit,thread declares 41 comments; 36 captured (5 not captured),D4,"no explicit purchase, retention, recommendation, or abandonment act in the raw body; the row records a comparison only"
1201,S2,1trq2k5,oot2d77,https://old.reddit.com/r/Sephora/comments/1trq2k5/is_the_ciele_skin_tint_similar_to_danessa_myrricks/,coverage_and_pigment,2026-05-30T18:36:16+00:00,alternative,Dior,none_explicit,unstated,Dior,none_explicit,,D4,"no explicit purchase, retention, recommendation, or abandonment act in the raw body; the row records a comparison only"
1202,S3,1twhllt,post,https://www.reddit.com/r/MeccaBeautyLoop/comments/1twhllt/beauty_loop_sample/,reaction_and_breakout,2026-06-04T08:34:29+00:00,neither,,stopped_or_discarded,neither,,stopped_or_discarded,,clean,I ... stopped using some things including the summer Fridays
1203,S2,1tzetov,oqbvf0f,https://old.reddit.com/r/Sephora/comments/1tzetov/holy_grail_moisturizer/,hydration_and_moisture;texture_and_skin_finish,2026-06-07T20:19:33+00:00,alternative,Laneige,none_explicit,unstated,Laneige,none_explicit,,D4,"no explicit purchase, retention, recommendation, or abandonment act in the raw body; the row records a comparison only"
1208,S2,1ur9u91,owfo5tt,https://www.reddit.com/r/LipBalm/comments/1ur9u91/recs_for_delicious_smelling_lip_balms/,coverage_and_pigment;scent_and_flavor,2026-07-09T05:24:06+00:00,alternative,Laneige,none_explicit,unstated,Laneige,none_explicit,,D4,"no explicit purchase, retention, recommendation, or abandonment act in the raw body; the row records a comparison only"
1211,S2,1urbojg,owfus7i,https://old.reddit.com/r/traderjoes/comments/1urbojg/new_item_tropical_flavored_lip_butter_balm_duo/,hydration_and_moisture,2026-07-09T06:14:44+00:00,alternative,Ole Henriksen,none_explicit,unstated,Ole Henriksen,none_explicit,,D4,"no explicit purchase, retention, recommendation, or abandonment act in the raw body; the row records a comparison only"
1213,S2,1utwndw,owzxzm1,https://old.reddit.com/r/MakeupAddiction/comments/1utwndw/why_are_lip_balms_getting_so_expensive/,hype_originality_and_trust,2026-07-12T01:01:26+00:00,alternative,Rhode,none_explicit,unstated,Rhode,none_explicit,,D4,"no explicit purchase, retention, recommendation, or abandonment act in the raw body; the row records a comparison only"
1214,S2,1uu0fzt,post,https://old.reddit.com/r/OliveMUA/comments/1uu0fzt/lightmedium_olive_skin_tints/,shade_and_color_fit,2026-07-12T00:31:45+00:00,alternative,Glossier,none_explicit,unstated,Glossier,none_explicit,,D4,"no explicit purchase, retention, recommendation, or abandonment act in the raw body; the row records a comparison only"
1215,S2,1uv5umz,post,https://www.reddit.com/r/MakeupAddiction/comments/1uv5umz/i_need_your_essential_brush_recommendations_for/,coverage_and_pigment,2026-07-13T08:43:13+00:00,alternative,Rhode,none_explicit,unstated,Rhode,none_explicit,,D4,"no explicit purchase, retention, recommendation, or abandonment act in the raw body; the row records a comparison only"
1228,S2,1vb9vgi,p0sjr7m,https://www.reddit.com/r/LipBalm/comments/1vb9vgi/moisturizing_lip_products/,hydration_and_moisture,2026-07-31T01:59:52+00:00,alternative,Lanolips,none_explicit,unstated,Lanolips,none_explicit,thread declares 30 comments; 29 captured (1 not captured),D4,"no explicit purchase, retention, recommendation, or abandonment act in the raw body; the row records a comparison only"
1237,S2,8czsyq,dxjntxu,https://old.reddit.com/r/muacjdiscussion/comments/8czsyq/inflight_routine_tipstricks_also_thoughts_on/,hydration_and_moisture,2018-04-18T02:03:23+00:00,alternative,Clinique,none_explicit,unstated,Clinique,none_explicit,,D4,"no explicit purchase, retention, recommendation, or abandonment act in the raw body; the row records a comparison only"
1250,S2,henyd9,post,https://old.reddit.com/r/Sephora/comments/henyd9/favorite_sephora_lip_mask/,packaging_and_dispensing,2020-06-23T21:55:09+00:00,alternative,Laneige,none_explicit,unstated,Laneige,none_explicit,,D4,"no explicit purchase, retention, recommendation, or abandonment act in the raw body; the row records a comparison only"
1253,S1,kaikx3,gfaxhel,https://old.reddit.com/r/beauty/comments/kaikx3/is_summer_fridays_worth_the_hype/,hydration_and_moisture,2020-12-10T17:41:53+00:00,subject,,recommended_or_would_purchase,alternative,Dermalogica,recommended_or_would_purchase,,D2,I use Dermalogica skin hydrating masque and would recommend that.
1255,S2,kaikx3,gfblxhi,https://old.reddit.com/r/beauty/comments/kaikx3/is_summer_fridays_worth_the_hype/,scent_and_flavor,2020-12-10T20:57:57+00:00,alternative,Laneige,none_explicit,unstated,Laneige,none_explicit,,D4,"no explicit purchase, retention, recommendation, or abandonment act in the raw body; the row records a comparison only"
1257,S2,kd6r0i,gfwvlg6,https://old.reddit.com/r/OliveMUA/comments/kd6r0i/brightening_olive_skin_tones/,texture_and_skin_finish,2020-12-15T11:40:09+00:00,alternative,Glossier,none_explicit,unstated,Glossier,none_explicit,,D4,"no explicit purchase, retention, recommendation, or abandonment act in the raw body; the row records a comparison only"
1259,S1,ks3ou1,giivldt,https://www.reddit.com/r/Sephora/comments/ks3ou1/summer_fridays_jet_lag_mask/,reaction_and_breakout;scent_and_flavor;texture_and_skin_finish;value_and_quantity,2021-01-08T08:46:08+00:00,subject,,retained_or_repurchased,unstated,,none_explicit,thread declares 17 comments; 16 captured (1 not captured),D1,"if you're buying something that doesn't come sealed, maybe repurchase before you're completely out?"
1279,S3,mpkmxy,gw5e1mi,https://www.reddit.com/r/Sephora/comments/mpkmxy/summer_fridays_cloud_dew_gel_cream_moisturiser/,reaction_and_breakout;texture_and_skin_finish,2021-04-28T07:58:27+00:00,neither,,rejected_or_not_recommended,neither,,rejected_or_not_recommended,thread declares 15 comments; 13 captured (2 not captured),clean,This product has made me break out ... So I definitely wouldn't recommend this.
1287,S1,q91gzo,hgt6hgq,https://www.reddit.com/r/Sephora/comments/q91gzo/summer_fridays_gloss_vs_tower28/,texture_and_skin_finish,2021-10-16T01:21:59+00:00,subject,Tower 28,retained_or_repurchased,subject,Tower 28,retained_or_repurchased,,clean,If I were to choose I would def repurchase summer Fridays.
1296,S2,u53j7f,i50mkkg,https://www.reddit.com/r/Sephora/comments/u53j7f/laneige_lip_balm_or_summer_fridays_lip_butter_balm/,hydration_and_moisture;texture_and_skin_finish,2022-04-16T23:23:33+00:00,alternative,Laneige,none_explicit,unstated,Laneige,none_explicit,captured comment count 30 exceeds the source-declared count 29; completeness is unknown,D4,"no explicit purchase, retention, recommendation, or abandonment act in the raw body; the row records a comparison only"
1297,S2,u53j7f,i534qkj,https://www.reddit.com/r/Sephora/comments/u53j7f/laneige_lip_balm_or_summer_fridays_lip_butter_balm/,value_and_quantity,2022-04-17T14:44:16+00:00,alternative,Vaseline,none_explicit,unstated,Vaseline,none_explicit,captured comment count 30 exceeds the source-declared count 29; completeness is unknown,D4,"no explicit purchase, retention, recommendation, or abandonment act in the raw body; the row records a comparison only"
1301,S1,v4ioij,ipd3r09,https://www.reddit.com/r/PanPorn/comments/v4ioij/summer_fridays_jet_lag_maskreview_in_comments/,formula_consistency_and_change;hydration_and_moisture;value_and_quantity,2022-09-21T18:21:12+00:00,subject,Elf,retained_or_repurchased,neither,Elf,no_future_purchase,,D3,I've decided the new formula is not worth the price ... I will not repurchase.
1304,S1,v60njh,ibe9gzg,https://www.reddit.com/r/Sephora/comments/v60njh/summer_fridays_sunscreen/,application_and_tool_performance;coverage_and_pigment;texture_and_skin_finish,2022-06-06T18:32:56+00:00,subject,,recommended_or_would_purchase,alternative,Supergoop,recommended_or_would_purchase,,D2,I would recommend the supergoop play
1307,S2,wfbfdq,iivu6sj,https://old.reddit.com/r/Sephora/comments/wfbfdq/whats_your_favourite_luxury_lip_balm_for_really/,hydration_and_moisture;packaging_and_dispensing;scent_and_flavor,2022-08-04T06:20:24+00:00,alternative,Laneige,none_explicit,unstated,Laneige,none_explicit,,D4,"no explicit purchase, retention, recommendation, or abandonment act in the raw body; the row records a comparison only"
1309,S2,wpz35n,ikjwwwm,https://old.reddit.com/r/Sephora/comments/wpz35n/summer_fridays_released_a_new_skin_tint_thoughts/,shade_and_color_fit,2022-08-16T18:29:25+00:00,alternative,Ilia,none_explicit,unstated,Ilia,none_explicit,,D4,"no explicit purchase, retention, recommendation, or abandonment act in the raw body; the row records a comparison only"
1311,S2,wpz35n,ikk5bd1,https://old.reddit.com/r/Sephora/comments/wpz35n/summer_fridays_released_a_new_skin_tint_thoughts/,scent_and_flavor,2022-08-16T19:22:16+00:00,alternative,Ilia,none_explicit,unstated,Ilia,none_explicit,,D4,"no explicit purchase, retention, recommendation, or abandonment act in the raw body; the row records a comparison only"
1313,S1,wve0sg,ili31mk,https://old.reddit.com/r/Sephora/comments/wve0sg/which_lip_balm_summer_fridays_or_laneige/,hydration_and_moisture;scent_and_flavor;value_and_quantity;wear_and_longevity,2022-08-23T20:16:29+00:00,subject,Laneige,retained_or_repurchased,unstated,Laneige,none_explicit,,D1,I don't know if I'll repurchase it because it is expensive
1315,S2,wve0sg,post,https://old.reddit.com/r/Sephora/comments/wve0sg/which_lip_balm_summer_fridays_or_laneige/,texture_and_skin_finish,2022-08-23T03:31:11+00:00,alternative,Laneige,none_explicit,unstated,Laneige,none_explicit,,D4,"no explicit purchase, retention, recommendation, or abandonment act in the raw body; the row records a comparison only"
1318,S2,x0ryud,im9z983,https://old.reddit.com/r/Sephora/comments/x0ryud/whats_your_no_makeup_makeup_routine/,scent_and_flavor;value_and_quantity,2022-08-29T16:55:42+00:00,alternative,Elf,none_explicit,unstated,Elf,none_explicit,,D4,"no explicit purchase, retention, recommendation, or abandonment act in the raw body; the row records a comparison only"
1323,S1,x9paxn,post,https://old.reddit.com/r/Sephora/comments/x9paxn/is_summer_fridays_worth_the_splurge/,hype_originality_and_trust,2022-09-09T07:49:22+00:00,subject,,recommended_or_would_purchase,unstated,,none_explicit,,D1,are they worth buying or is it just another influencer hype
1324,S2,xh5ys2,ioyb6re,https://www.reddit.com/r/Sephora/comments/xh5ys2/opinionscommentsetc_on_these_skin_tints_fenty/,coverage_and_pigment;hydration_and_moisture;shade_and_color_fit;texture_and_skin_finish;wear_and_longevity,2022-09-18T17:37:19+00:00,alternative,Ilia,no_future_purchase,alternative,Ilia,no_future_purchase,,clean,The Ilia Super serum skin tint ... I rarely wear it and won't repurchase.
1326,S2,xysaq8,irihylw,https://old.reddit.com/r/swatchitforme/comments/xysaq8/summer_fridays_lip_butter_balm_set_vanilla/,hydration_and_moisture;reaction_and_breakout;texture_and_skin_finish,2022-10-08T13:26:15+00:00,alternative,Laneige,none_explicit,unstated,Laneige,none_explicit,,D4,"no explicit purchase, retention, recommendation, or abandonment act in the raw body; the row records a comparison only"
1329,S1,y1n2wx,irziuxt,https://old.reddit.com/r/Sephora/comments/y1n2wx/summer_fridays_leaking/,coverage_and_pigment;packaging_and_dispensing,2022-10-12T05:08:40+00:00,subject,Kosas,retained_or_repurchased,alternative,Kosas,retained_or_repurchased,,D2,I only asked them if I could get a discount code so I could repurchase ... they just sent me a new one for free
1333,S3,ygdg6c,iuaslwf,https://old.reddit.com/r/Sephora/comments/ygdg6c/summer_fridays_skin_tint_vs_mac_face_body/,hydration_and_moisture,2022-10-29T22:08:10+00:00,neither,,return_intended,neither,,return_intended,,clean,I think I'm going to return it.
1334,S2,ygdg6c,iubz2tr,https://old.reddit.com/r/Sephora/comments/ygdg6c/summer_fridays_skin_tint_vs_mac_face_body/,coverage_and_pigment;texture_and_skin_finish;wear_and_longevity,2022-10-30T04:03:14+00:00,alternative,Mac,none_explicit,unstated,Mac,none_explicit,,D4,"no explicit purchase, retention, recommendation, or abandonment act in the raw body; the row records a comparison only"
1336,S2,yicm66,iuhyimg,https://old.reddit.com/r/Sephora/comments/yicm66/saie_slip_tint_vs_summer_fridays_skin_tint/,hype_originality_and_trust,2022-10-31T13:59:34+00:00,alternative,Elf,none_explicit,unstated,Elf,none_explicit,,D4,"no explicit purchase, retention, recommendation, or abandonment act in the raw body; the row records a comparison only"
1340,S1,yicm66,iuj3c7f,https://old.reddit.com/r/Sephora/comments/yicm66/saie_slip_tint_vs_summer_fridays_skin_tint/,coverage_and_pigment;texture_and_skin_finish,2022-10-31T18:35:59+00:00,subject,,recommended_or_would_purchase,alternative,Beautyblender,recommended_or_would_purchase,,D2,I highly recommend the beauty blender skin tint.
1346,S2,ywhshv,iwksrt9,https://old.reddit.com/r/Sephora/comments/ywhshv/1_holy_grails_spill/,scent_and_flavor,2022-11-16T11:08:24+00:00,alternative,Tower 28,none_explicit,unstated,Tower 28,none_explicit,,D4,"no explicit purchase, retention, recommendation, or abandonment act in the raw body; the row records a comparison only"
1348,S2,ywhshv,iwodt97,https://old.reddit.com/r/Sephora/comments/ywhshv/1_holy_grails_spill/,hydration_and_moisture;shade_and_color_fit;texture_and_skin_finish,2022-11-17T03:16:36+00:00,alternative,Clinique,none_explicit,unstated,Clinique,none_explicit,,D4,"no explicit purchase, retention, recommendation, or abandonment act in the raw body; the row records a comparison only"
1356,S1,zcglwe,iywbz28,https://www.reddit.com/r/PaleMUA/comments/zcglwe/more_dewy_foundations_and_tints_merit_kosas/,application_and_tool_performance;coverage_and_pigment;hydration_and_moisture;reaction_and_breakout;scent_and_flavor;shade_and_color_fit;texture_and_skin_finish,2022-12-04T18:02:39+00:00,subject,Kosas,retained_or_repurchased,unstated,Kosas,none_explicit,"flattened swatch list: product names trail their descriptions, so 'I'm willing to repurchase it as a winter match' cannot be bound",PL,"flattened swatch list: product names trail their descriptions, so 'I'm willing to repurchase it as a winter match' cannot be bound"
1360,S3,zk2ooq,izy73r6,https://old.reddit.com/r/Sephora/comments/zk2ooq/summer_friday/,hydration_and_moisture;scent_and_flavor;texture_and_skin_finish,2022-12-12T18:51:51+00:00,neither,,stopped_or_discarded,neither,,no_future_purchase,,D6,"I've purchased it about 3 times now, but I don't think I will again"
1364,S2,zlgv98,j0ejm2n,https://www.reddit.com/r/Sephora/comments/zlgv98/summer_fridays_lip_balm/,hydration_and_moisture,2022-12-16T01:43:06+00:00,alternative,Tarte,none_explicit,unstated,Tarte,none_explicit,thread declares 16 comments; 14 captured (2 not captured),D4,"no explicit purchase, retention, recommendation, or abandonment act in the raw body; the row records a comparison only"
1366,S2,zpsv0o,j0ug0yv,https://www.reddit.com/r/PanPorn/comments/zpsv0o/some_recent_and_notsorecent_empties_because_i/,scent_and_flavor;texture_and_skin_finish,2022-12-19T14:40:35+00:00,alternative,Elf,none_explicit,unstated,Elf,none_explicit,,D4,"no explicit purchase, retention, recommendation, or abandonment act in the raw body; the row records a comparison only"
